customer_id,signup_date,location,device_os,referral_source,funnel_stage_reached,order_value,discount_used,last_active_timestamp,session_duration_seconds
CUST-00268,"May 27, 2024",Chicago;United States,Mobile-Android,Affiliate, Viewed,n/a,no,05/31/2024 06:23 PM,404
CUST-01213,2024-04-04,Chicago;United States,mobile-ios, Facebook Ads,purchased,£418.06,FALSE,2024-04-05 12:30:14,744
CUST-01060,23/02/2024,new york;United States,Mobile-Android,FACEBOOK ADS,ADDED TO CART,NULL,N,2024-02-23 05:52:43,826
CUST-01080,"Jul 26, 2024",Melbourne;Australia,Mobile-iOS,referral,Checkout,NULL,FALSE,2024-08-09T18:48:00,77
CUST-01553,2024-01-20,Los Angeles;United States,Desktop-macOS,Facebook Ads,Viewed,n/a,No,27/01/2024 11:49,965
CUST-00761,26/07/2024,Melbourne;Australia,Desktop-Windows,Affiliate,ADDED TO CART,n/a,No,08/01/2024 02:27 AM,1139
CUST-00169,13-Feb-2024,Los Angeles;United States,Mobile-iOS,Email Campaign,added to cart,NULL,no,2024-02-27 03:02:07,505
CUST-00655,22/11/2024,Sydney;Australia,Mobile-iOS,affiliate ,VIEWED,n/a,N,02/12/2024 05:15,546
CUST-01462,24-May-2024,LONDON;United Kingdom,Mobile-iOS,facebook ads,viewed,,No,2024-06-05T04:03:24,842
CUST-00614,24/02/2024,Toronto;Canada,desktop-windows,DIRECT,viewed,NULL,No,02/25/2024 03:44 PM,1796
CUST-01750,29/09/2024,toronto;Canada,desktop-windows,affiliate ,VIEWED,,FALSE,15/10/2024 07:08,799
CUST-00100,12/15/2024,LONDON;United Kingdom,Tablet-Android,Affiliate,purchased,USD 360.26,Yes,01/01/2025 08:38,754
CUST-00013,01/10/2024,Sydney;Australia,mobile-ios,instagram ads,Added to Cart,NULL,,2024-10-20 01:20:00,1727
CUST-01585,"Jul 29, 2024",Dublin;Ireland,Tablet-Android,FACEBOOK ADS,added to cart,,0,09/08/2024 14:56,439
CUST-00017,06/09/2024,toronto;Canada,mobile-ios,Email Campaign,Added to Cart,,0,2024-06-22 14:41:25,558
CUST-01051,"Feb 02, 2024",LONDON;United Kingdom,Tablet-Android,Google Search,Viewed,,,2024-02-11T06:06:49,571
CUST-00448,2024-06-09,new york;United States,Tablet-Android,Google Search, Viewed,N/A,FALSE,2024-06-22T19:31:49,1615
CUST-01673,30/03/2024,Sydney;Australia,MOBILE-ANDROID,Referral,VIEWED,,No,2024-04-18T09:28:39,196
CUST-01103,08/12/2024,london;United Kingdom,MOBILE-ANDROID,Referral,added to cart,N/A,false,08/16/2024 08:23 PM,782
CUST-01352,04/11/2024,Leeds;United Kingdom,Desktop-macOS,Affiliate, Viewed,NULL,false,2024-11-15T08:57:28,1614
CUST-01416,10/24/2024,LONDON;United Kingdom,Tablet-iPadOS,direct,Checkout,,,03/11/2024 02:45,1209
CUST-00387,10/16/2024,Berlin;Germany,Mobile-Android,Email  Campaign,ADDED TO CART,N/A,FALSE,17/10/2024 20:52,292
CUST-00490,12/19/2024,Chicago;United States,Mobile-iOS,affiliate ,viewed,N/A,no,2024-12-31T21:34:24,815
CUST-01571,05-Jan-2024,LONDON;United Kingdom,Tablet-iPadOS,Instagram Ads,Viewed,NULL,false,01/16/2024 05:38 AM,392
CUST-00694,2024-05-09,new york;United States,Mobile-iOS,instagram ads, Viewed,,false,05/24/2024 06:18 PM,1186
CUST-00633,2024-03-15,Birmingham;United Kingdom,mobile-ios,Instagram Ads,added to cart,NULL,0,03/22/2024 03:09 AM,1024
CUST-00257,"Mar 26, 2024",LONDON;United Kingdom,MOBILE-ANDROID,Direct,Purchased ,USD 374.53,1,2024-04-14 17:28:34,1555
CUST-00156,29/03/2024,Berlin;Germany,Desktop-Windows,Google Search,Added to Cart,n/a,N,09/04/2024 04:12,1165
CUST-01216,26-Dec-2024,Sydney;Australia,Tablet-Android,Email Campaign,viewed,n/a,0,01/01/2025 12:05 AM,1734
CUST-00588,03/13/2024,toronto;Canada,Mobile-Android,Email Campaign, Viewed,NULL,FALSE,03/17/2024 03:31 PM,892
CUST-00813,06/21/2024,Melbourne;Australia,Mobile-Android,email campaign,viewed,,false,2024-07-03 06:28:22,977
CUST-00125,2024-10-04,Berlin;Germany,Mobile-iOS,Email Campaign,Added to cart ,n/a,0,2024-10-13T15:11:37,1370
CUST-01370,2024-07-18,Manchester;United Kingdom,Desktop-macOS,Affiliate,purchased,£363.15,Y,2024-07-20T22:47:00,1650
CUST-00797,04/03/2024,Birmingham;United Kingdom,Desktop-Windows,Direct,CHECKOUT,,,2024-04-06T08:32:57,192
CUST-01709,13-Sep-2024,Melbourne;Australia,Mobile-iOS, Facebook Ads,Added to cart ,NULL,FALSE,2024-10-01T04:37:50,
 CUST-00839,"Nov 29, 2024",Leeds;United Kingdom,mobile-ios, Facebook Ads,added to cart,N/A,,12/11/2024 09:38 PM,1229
CUST-01261,30/03/2024,Sydney;Australia,Mobile-Android,Email  Campaign,CHECKOUT,,0,2024-04-14T23:18:00,1683
CUST-00220,11/04/2024,new york;United States,Tablet-Android,Google  Search,Purchased , $411.01 ,Y,2024-04-12 04:10:23,1385
CUST-01106,"Jan 21, 2024",london;United Kingdom,Desktop-macOS,Instagram Ads,Added to cart ,n/a,No,22/01/2024 06:24,801
CUST-00880,11/08/2024,New York;United States,desktop-windows,Email Campaign,Checkout,N/A,no,2024-08-23T02:08:25,498
CUST-00931,07-Feb-2024,Melbourne;Australia,mobile-ios,Instagram Ads,viewed,n/a,N,02/07/2024 09:44 PM,-76
CUST-00315,05-May-2024,toronto;Canada,Mobile-iOS,Affiliate,Added to Cart,N/A,no,2024-05-15T03:53:07,600
CUST-01452,07/20/2024,New York;United States,Desktop-macOS,Google  Search, Viewed,N/A,,08/03/2024 03:48 AM,429
CUST-00570,"Mar 16, 2024",Berlin;Germany,Mobile-Android, Facebook Ads,VIEWED,N/A,N,23/03/2024 11:13,668
CUST-01780,03/30/2024,Toronto;Canada,Tablet-iPadOS,DIRECT, Viewed,N/A,FALSE,04/17/2024 03:39 PM,661
CUST-01738,"Sep 26, 2024",Melbourne;Australia,Desktop-macOS,FACEBOOK ADS,VIEWED,NULL,N,2024-09-28T13:45:15,734
CUST-01578,09/02/2024,toronto;Canada,Desktop-macOS,Direct,Added to cart ,,No,10/09/2024 01:59,-36
CUST-00721,21/07/2024,Manchester;United Kingdom,Desktop-Windows,google search, Viewed,NULL,no,06/08/2024 07:56,669
CUST-01069,29-Sep-2024,Toronto;Canada,Mobile-Android,Referral,viewed,NULL,false,2024-10-16 00:39:19,-88
cust-00591,"Aug 18, 2024",Manchester;United Kingdom,Mobile-iOS,Google  Search,viewed,NULL,false,29/08/2024 19:34,444
CUST-00645,2024-04-26,London;United Kingdom,MOBILE-ANDROID,Affiliate, Viewed,,FALSE,2024-05-06 06:46:50,271
CUST-00083,2024-11-27,Chicago;United States,Mobile-Android,Affiliate,VIEWED,n/a,false,15/12/2024 16:11,304
CUST-00738,2024-04-03,Chicago;United States,Tablet-Android,Referral,CHECKOUT,,,04/13/2024 03:45 AM,389
CUST-00455,07/09/2024,Los Angeles;United States,Desktop-Windows,Referral, Checkout ,,no,07/28/2024 10:06 AM,1016
CUST-00532,2024-08-15,Manchester;United Kingdom,Mobile-Android,FACEBOOK ADS,added to cart,,FALSE,2024-08-27T18:22:25,1641
CUST-00515,08/01/2024,Sydney;Australia,mobile-ios,google search,added to cart,NULL,No,2024-08-12 16:49:49,395
CUST-00849,23-Sep-2024,London;United Kingdom,Desktop-Windows,Affiliate,viewed,N/A,false,10/08/2024 06:46 AM,1728
CUST-00150,12-Oct-2024,New York;United States,Tablet-iPadOS,Email  Campaign,added to cart,n/a,N,2024-10-23 04:08:09,190
CUST-00712,2024-09-29,manchester;United Kingdom,Mobile-iOS,email campaign,VIEWED,N/A,FALSE,2024-10-16T21:57:42,96
CUST-01275,12-Dec-2024,London;United Kingdom,Tablet-iPadOS,Google Search,Viewed,N/A,0,2024-12-15T01:09:08,
CUST-01628,"Mar 26, 2024",Dublin;Ireland,Desktop-macOS,email campaign,Viewed,n/a,false,2024-04-14 01:19:48,1149
CUST-00860,"Oct 12, 2024",LONDON;United Kingdom,mobile-ios,affiliate ,added to cart,N/A,No,18/10/2024 18:34,776
CUST-00001,20/05/2024,manchester;United Kingdom,Mobile-Android,Affiliate,purchased,USD 116.21,Yes,2024-06-04T14:54:58,1672
CUST-00241,"Jan 21, 2024",Manchester;United Kingdom,desktop-windows,instagram ads,CHECKOUT,NULL,0,01/22/2024 09:41 AM,1067
CUST-00196,07-Apr-2024,Dublin;Ireland,Desktop-Windows,Email Campaign,Purchased ,81.81,Y,2024-04-13T20:54:05,
CUST-00800,11/17/2024,Melbourne;Australia,Mobile-iOS,DIRECT,purchased,77.36,true,2024-11-18T16:04:32,
CUST-01007,14/05/2024,Leeds;United Kingdom,Tablet-Android,DIRECT,Added to cart ,NULL,FALSE,2024-05-29 18:49:24,385
CUST-01139,30-Jun-2024,New York;United States,Tablet-Android,Affiliate,viewed,,,2024-07-11T11:28:36,1108
CUST-01075,"Oct 12, 2024",Manchester;United Kingdom,Mobile-iOS,Affiliate,Purchased,£140.61,no,11/01/2024 12:30 PM,189
CUST-01276,11/11/2024,manchester;United Kingdom,MOBILE-ANDROID,affiliate , Viewed,n/a,0,2024-11-22 04:06:41,1730
CUST-00075,2024-06-25,Los Angeles;United States,Tablet-iPadOS,referral,Viewed,N/A,0,2024-07-08 09:39:09,-39
CUST-01487,13-Nov-2024,Los Angeles;United States,Desktop-macOS,google search,Viewed,n/a,false,24/11/2024 23:18,587
CUST-00973,25/03/2024,London;United Kingdom,Mobile-iOS,referral,Checkout,,N,2024-04-12T11:25:07,1383
CUST-00990,"Nov 08, 2024",toronto;Canada,Tablet-Android,Google Search, Viewed,NULL,false,26/11/2024 19:22,1072
CUST-00119,"Oct 05, 2024",manchester;United Kingdom,Tablet-Android,DIRECT,ADDED TO CART,N/A,false,10/15/2024 01:05 PM,
CUST-01470,04-Oct-2024,new york;United States,Tablet-Android,referral,VIEWED,NULL,0,10/17/2024 06:44 PM,1239
CUST-00695,"Aug 29, 2024",Berlin;Germany,mobile-ios,Referral,Viewed,,no,30/08/2024 12:07,1757
CUST-01171,11/18/2024,Paris;France,Mobile-Android,google search,ADDED TO CART,NULL,0,12/04/2024 09:24 AM,1499
CUST-01583,06/20/2024,Paris;France,Mobile-Android,Affiliate,Viewed,,0,2024-06-22T06:12:03,1764
CUST-00642,05/08/2024,LONDON;United Kingdom,mobile-ios,Email Campaign,ADDED TO CART,NULL,FALSE,2024-05-09 19:12:53,553
CUST-00252,04/15/2024,toronto;Canada,Tablet-iPadOS,DIRECT,Viewed,n/a,N,04/30/2024 06:51 PM,1129
CUST-01116,2024-03-07,Sydney;Australia,Desktop-macOS,facebook ads,Purchased,USD 164.83,1,2024-03-17T11:19:33,211
CUST-01409,2024-05-18,New York;United States,Mobile-Android,Email  Campaign,viewed,n/a,FALSE,2024-05-24 04:21:25,329
CUST-01754,"Sep 14, 2024",London;United Kingdom,Desktop-Windows,facebook ads, Viewed,NULL,N,2024-09-20T20:08:57,420
CUST-00668,"May 27, 2024",Melbourne;Australia,MOBILE-ANDROID,google search,Added to Cart,N/A,false,02/06/2024 07:58,1056
CUST-00381,13-Jan-2024,New York;United States,Tablet-iPadOS,Email  Campaign,checkout,n/a,No,2024-01-14 01:37:22,1390
CUST-00863,"Apr 25, 2024",london;United Kingdom,desktop-windows,facebook ads, Viewed,,No,05/09/2024 04:33 PM,1790
 CUST-00450,10/03/2024,New York;United States,Desktop-Windows,direct,Viewed,,,10/11/2024 07:34 PM,112
CUST-01219,17-Jun-2024,Los Angeles;United States,Desktop-Windows,email campaign,VIEWED,N/A,0,28/06/2024 11:08,1086
CUST-00035,2024-06-28,london;United Kingdom,Mobile-iOS,Instagram Ads,purchased,$221.00,No,07/08/2024 06:09 AM,1258
CUST-00781,25-Dec-2024,New York;United States,Tablet-iPadOS,instagram ads,Viewed,NULL,FALSE,2025-01-04T07:28:56,365
CUST-01244,06-Dec-2024,new york;United States,Desktop-Windows,DIRECT, Viewed,N/A,0,2024-12-19 03:37:10,1328
CUST-01644,"Mar 03, 2024",london;United Kingdom,Desktop-macOS,Instagram Ads,PURCHASED, $398.98 ,false,03/04/2024 01:27 PM,1510
CUST-00994,2024-03-25,Chicago;United States,mobile-ios,Affiliate, Viewed,N/A,no,02/04/2024 16:29,1221
CUST-01303,01/17/2024,Dublin;Ireland,Mobile-iOS,affiliate ,ADDED TO CART,N/A,No,21/01/2024 19:10,-22
CUST-01270,2024-01-23,Birmingham;United Kingdom,Desktop-macOS,Email Campaign,Added to Cart,N/A,No,2024-02-10 15:37:01,651
CUST-01334,20/10/2024,Los Angeles;United States,mobile-ios,referral, Viewed,NULL,N,11/05/2024 10:05 AM,1752
cust-01266,30-Jul-2024,Los Angeles;United States,Tablet-Android,affiliate ,purchased,151.25,no,07/31/2024 06:57 AM,1558
CUST-00052,"Oct 05, 2024",Chicago;United States,MOBILE-ANDROID,Instagram Ads,viewed,NULL,N,2024-10-12T07:44:01,805
CUST-00595,14/07/2024,Berlin;Germany,Mobile-Android,Email  Campaign, Viewed,NULL,,2024-07-27T22:10:07,-48
CUST-00969,06/15/2024,New York;United States,Tablet-Android,Google Search,Viewed,n/a,,06/15/2024 10:55 PM,256
CUST-01576,2024-09-01,Birmingham;United Kingdom,mobile-ios,Google  Search,VIEWED,NULL,N,09/07/2024 08:25 PM,375
CUST-01630,09/29/2024,toronto;Canada,MOBILE-ANDROID,instagram ads,added to cart,n/a,No,10/01/2024 06:22 AM,510
CUST-01119,2024-07-20,toronto;Canada,MOBILE-ANDROID,Direct,Viewed,NULL,no,2024-07-28 09:45:59,1577
CUST-00272,02/21/2024,new york;United States,mobile-ios,Affiliate,CHECKOUT,n/a,No,2024-03-03T02:50:55,777
CUST-01393,"Jan 28, 2024",new york;United States,Mobile-iOS,direct,added to cart,NULL,0,06/02/2024 03:48,1739
CUST-01020,25/07/2024,Birmingham;United Kingdom,Mobile-iOS, Facebook Ads,Viewed,NULL,No,08/09/2024 01:48 PM,1571
CUST-01686,09-May-2024,Leeds;United Kingdom,Desktop-macOS, Facebook Ads,Purchased,$409.70,TRUE,14/05/2024 18:44,1066
CUST-01208,03/21/2024,Dublin;Ireland,Tablet-Android,Instagram Ads,VIEWED,n/a,FALSE,28/03/2024 13:29,363
cust-00264,12/02/2024,Leeds;United Kingdom,Mobile-iOS,referral,Purchased,$171.49,N,2024-12-08T15:51:55,1215
CUST-00290,10/12/2024,Melbourne;Australia,MOBILE-ANDROID,Facebook Ads,VIEWED,N/A,no,2024-11-01 03:28:15,618
CUST-00199,"Oct 20, 2024",Los Angeles;United States,Mobile-Android,Direct,Viewed,N/A,N,2024-11-09T14:34:46,448
CUST-00131,04/07/2024,toronto;Canada,Mobile-iOS,FACEBOOK ADS,added to cart,NULL,No,04/25/2024 02:52 PM,448
CUST-00054,2024-12-01,Berlin;Germany,Desktop-Windows,email campaign, Viewed,,,2024-12-08T05:37:12,1570
CUST-00696,"Mar 02, 2024",london;United Kingdom,Desktop-macOS, Facebook Ads,VIEWED,N/A,false,2024-03-15 04:02:26,663
CUST-01769,22/07/2024,Toronto;Canada,Desktop-macOS,Google Search,Viewed,n/a,N,05/08/2024 03:14,113
CUST-00547,11/11/2024,Los Angeles;United States,Desktop-macOS, Facebook Ads,added to cart,NULL,no,2024-11-11 20:45:39,1098
cust-00359,12/11/2024,manchester;United Kingdom,Mobile-iOS,google search,VIEWED,,0,25/11/2024 01:40,1689
CUST-00090,2024-08-17,LONDON;United Kingdom,Mobile-iOS,instagram ads, Checkout ,,,24/08/2024 01:24,874
CUST-00345,"Oct 20, 2024",Toronto;Canada,Desktop-Windows,Email Campaign,ADDED TO CART,n/a,N,2024-11-02T22:04:12,1359
CUST-01022,16/11/2024,Chicago;United States,Mobile-iOS,affiliate ,viewed,N/A,FALSE,2024-11-22T21:06:28,1226
CUST-01428,16/03/2024,Manchester;United Kingdom,Tablet-Android,Direct,viewed,,No,2024-03-28 16:59:24,1459
 CUST-01101,"Jan 17, 2024",london;United Kingdom,Tablet-Android,Email Campaign,Added to Cart,N/A,false,24/01/2024 11:48,1571
CUST-01035,14/05/2024,Dublin;Ireland,Tablet-Android,FACEBOOK ADS,VIEWED,,no,2024-05-20 04:19:11,538
CUST-00467,2024-12-09,Toronto;Canada,desktop-windows,Email  Campaign,Added to Cart,,0,17/12/2024 13:12,55
CUST-00240,04/23/2024,Chicago;United States,Desktop-macOS,Email Campaign,Added to cart ,,N,05/07/2024 01:46 PM,1271
CUST-00057,05/10/2024,London;United Kingdom,Tablet-iPadOS,Email Campaign,viewed,,0,05/30/2024 07:43 PM,883
CUST-00787,10/17/2024,LONDON;United Kingdom,mobile-ios,Google  Search, Viewed,N/A,FALSE,10/22/2024 11:30 AM,331
 CUST-00502,07/01/2024,Melbourne;Australia,MOBILE-ANDROID,FACEBOOK ADS,VIEWED,n/a,N,09/01/2024 00:10,1038
CUST-01430,04/16/2024,toronto;Canada,Tablet-iPadOS,instagram ads,ADDED TO CART,n/a,FALSE,2024-04-22 11:55:07,1532
CUST-00300,29-Mar-2024,Manchester;United Kingdom,Desktop-Windows,facebook ads, Viewed,,,03/30/2024 09:46 PM,868
CUST-00814,"Dec 10, 2024",Chicago;United States,Desktop-macOS,referral, Viewed,NULL,false,17/12/2024 16:50,1146
CUST-00525,29/10/2024,toronto;Canada,desktop-windows,email campaign,viewed,N/A,N,2024-11-07 05:30:02,311
CUST-00382,"Jul 20, 2024",Chicago;United States,Tablet-Android,facebook ads,VIEWED,NULL,No,2024-08-04T13:04:46,597
CUST-01571,05-Jan-2024,LONDON;United Kingdom,Tablet-iPadOS,Instagram Ads,Viewed,NULL,false,01/16/2024 05:38 AM,392
CUST-01494,"Dec 03, 2024",LONDON;United Kingdom,mobile-ios,Facebook Ads,viewed,,,12/18/2024 03:08 PM,1371
CUST-01547,05-Jun-2024,Toronto;Canada,desktop-windows,Referral,Added to cart ,N/A,no,06/19/2024 08:14 AM,535
CUST-00206,"Sep 07, 2024",Birmingham;United Kingdom,Tablet-iPadOS,affiliate ,VIEWED,N/A,,09/26/2024 10:37 PM,598
CUST-01618,11/06/2024,Leeds;United Kingdom,Mobile-iOS,affiliate ,CHECKOUT,,,06/20/2024 10:09 AM,322
CUST-01433,22/11/2024,London;United Kingdom,mobile-ios,direct,VIEWED,,FALSE,2024-12-07T19:47:16,1157
CUST-01467,"Sep 18, 2024",toronto;Canada,Desktop-Windows,direct,Checkout,,false,09/29/2024 04:25 AM,791
CUST-01617,"May 02, 2024",Melbourne;Australia,desktop-windows,Affiliate,Checkout,NULL,0,05/12/2024 04:20 PM,733
CUST-00124,31-Jul-2024,london;United Kingdom,Tablet-Android,DIRECT,VIEWED,,0,2024-08-06 02:37:53,107
CUST-01545,17-Apr-2024,London;United Kingdom,desktop-windows,google search,Viewed,NULL,false,2024-04-21 08:20:06,1623
CUST-00560,24-Apr-2024,New York;United States,Desktop-Windows,facebook ads,VIEWED,N/A,no,2024-05-12 16:39:38,1701
CUST-01678,04/11/2024,new york;United States,Mobile-iOS, Facebook Ads,Purchased ,$19.97,0,04/30/2024 11:50 PM,1514
CUST-00982,03/04/2024,new york;United States,Tablet-Android,direct,Added to cart ,NULL,No,2024-04-19T07:43:33,1699
CUST-00566,08/15/2024,Chicago;United States,Tablet-iPadOS,Google Search,ADDED TO CART,,N,2024-09-01 19:56:23,1062
CUST-01429,26/04/2024,Los Angeles;United States,Mobile-Android,Direct,VIEWED,,FALSE,05/03/2024 05:15 PM,1647
CUST-01800,22-Apr-2024,Berlin;Germany,Tablet-Android,referral,viewed,n/a,false,2024-05-06T00:41:28,1598
CUST-00510,10/03/2024,manchester;United Kingdom,MOBILE-ANDROID,Facebook Ads,ADDED TO CART,NULL,0,2024-03-30T10:05:06,779
CUST-01289,2024-03-14,Leeds;United Kingdom,Desktop-macOS,Google  Search, Viewed,NULL,0,29/03/2024 11:24,1098
CUST-00262,2024-12-24,Leeds;United Kingdom,Tablet-Android,Direct,Viewed,N/A,0,2025-01-13 18:53:26,980
CUST-00023,08/23/2024,New York;United States,MOBILE-ANDROID,Facebook Ads, Viewed,n/a,no,2024-09-10 22:43:50,1328
CUST-01314,02-Jul-2024,Leeds;United Kingdom,Tablet-Android,google search,VIEWED,NULL,false,2024-07-19T17:11:53,51
CUST-01307,03/11/2024,london;United Kingdom,Mobile-Android,Google Search,added to cart,,0,11/13/2024 05:23 PM,149
 CUST-00711,"Dec 09, 2024",london;United Kingdom,Desktop-Windows,direct,Added to cart ,n/a,,12/19/2024 04:37 PM,243
CUST-00392,"Jan 10, 2024",london;United Kingdom,MOBILE-ANDROID, Facebook Ads,Added to Cart,NULL,N,01/30/2024 02:37 AM,36
CUST-00985,27/06/2024,LONDON;United Kingdom,desktop-windows,Email  Campaign,Checkout,n/a,0,09/07/2024 14:56,1592
CUST-00389,2024-05-18,Dublin;Ireland,Desktop-macOS,Google Search,ADDED TO CART,NULL,0,25/05/2024 19:11,467
CUST-01426,08/06/2024,new york;United States,desktop-windows,Referral,VIEWED,,,2024-08-11T16:39:18,625
CUST-01654,"Sep 26, 2024",Berlin;Germany,Mobile-Android,Email  Campaign,CHECKOUT,N/A,FALSE,2024-09-29T20:31:55,1007
CUST-01799,"Apr 26, 2024",new york;United States,desktop-windows, Facebook Ads,viewed,NULL,FALSE,14/05/2024 20:15,687
CUST-00750,21-Jan-2024,Toronto;Canada,Mobile-Android,email campaign,viewed,N/A,No,27/01/2024 15:38,459
CUST-01189,04/05/2024,Dublin;Ireland,MOBILE-ANDROID,referral, Viewed,N/A,No,2024-05-21T17:16:11,1050
CUST-00580,10/27/2024,Birmingham;United Kingdom,mobile-ios,DIRECT,added to cart,N/A,,10/11/2024 13:21,1042
CUST-00520,"Nov 06, 2024",LONDON;United Kingdom,Desktop-macOS,direct, Viewed,,false,11/14/2024 10:38 PM,1796
CUST-01730,19/11/2024,new york;United States,desktop-windows,Instagram Ads,Added to Cart,NULL,No,2024-12-07 23:39:03,1360
CUST-01259,2024-06-25,London;United Kingdom,Desktop-Windows,FACEBOOK ADS,checkout,n/a,N,2024-07-07 09:32:43,1301
CUST-00473,28-Jan-2024,New York;United States,Mobile-Android,DIRECT, Viewed,,N,2024-02-18 06:08:44,1751
CUST-00398,03/02/2024,Chicago;United States,MOBILE-ANDROID,Direct,Added to cart ,n/a,,02/18/2024 06:14 PM,834
CUST-00669,21-Jan-2024,Leeds;United Kingdom,Mobile-iOS,Referral,Viewed,n/a,No,2024-01-27T19:39:16,1716
CUST-00067,2024-08-03,LONDON;United Kingdom,Tablet-iPadOS,DIRECT,Viewed,NULL,FALSE,2024-08-08 12:09:15,1364
CUST-01028,10/29/2024,Los Angeles;United States,desktop-windows,google search,VIEWED,NULL,,31/10/2024 18:40,904
cust-00265,2024-12-26,Dublin;Ireland,Desktop-Windows,Affiliate,VIEWED,n/a,,31/12/2024 23:29,842
CUST-00589,03/25/2024,Sydney;Australia,Tablet-iPadOS,Referral,Added to cart ,n/a,false,2024-04-06T11:13:51,1237
CUST-01088,16-Feb-2024,Toronto;Canada,Mobile-iOS,google search,Viewed,,no,2024-02-20T03:13:46,1538
CUST-00743,2024-10-30,toronto;Canada,Tablet-iPadOS,Instagram Ads,Added to cart ,,N,10/31/2024 09:06 PM,597
CUST-01239,23/07/2024,london;United Kingdom,mobile-ios,facebook ads, Checkout ,NULL,false,2024-07-26 13:20:05,1128
CUST-00886,"Aug 12, 2024",toronto;Canada,Tablet-iPadOS,DIRECT,Purchased,£121.73,N,08/18/2024 04:12 PM,806
CUST-00735,"Oct 26, 2024",Melbourne;Australia,Mobile-Android,Affiliate,Viewed,n/a,,2024-11-09 09:09:48,185
CUST-01434,2024-08-19,toronto;Canada,desktop-windows,direct,PURCHASED,£339.77,Y,22/08/2024 12:44,465
CUST-01445,2024-03-27,Manchester;United Kingdom,Desktop-Windows,Google Search,PURCHASED,47.79,FALSE,2024-03-30 10:29:48,884
CUST-00440,25/06/2024,Paris;France,MOBILE-ANDROID,affiliate ,VIEWED,NULL,No,07/14/2024 11:57 AM,868
CUST-01690,"Dec 01, 2024",New York;United States,Mobile-Android,Referral,Viewed,N/A,No,12/05/2024 03:22 PM,1712
CUST-00533,11/26/2024,manchester;United Kingdom,Mobile-Android,email campaign,added to cart,NULL,,2024-12-11 13:47:20,1619
CUST-01461,24-May-2024,Dublin;Ireland,Desktop-Windows,FACEBOOK ADS,Viewed,NULL,0,05/06/2024 20:39,1129
CUST-01026,12/01/2024,manchester;United Kingdom,mobile-ios,Email Campaign,Added to Cart,n/a,no,18/01/2024 04:00,1329
CUST-00223,"Apr 03, 2024",toronto;Canada,Tablet-iPadOS,instagram ads, Viewed,NULL,false,22/04/2024 01:08,135
CUST-00322,10/08/2024,Berlin;Germany,mobile-ios, Facebook Ads,VIEWED,n/a,FALSE,16/10/2024 21:21,238
CUST-01102,12/17/2024,manchester;United Kingdom,Mobile-iOS,Email  Campaign,Purchased ,USD 262.69,Y,2024-12-26T07:38:48,1136
CUST-01323,07/17/2024,Berlin;Germany,desktop-windows,facebook ads,ADDED TO CART,n/a,No,2024-07-31 02:03:17,1671
CUST-00890,10-Apr-2024,toronto;Canada,Desktop-Windows,Direct,purchased,USD 99.60,Yes,04/19/2024 05:23 AM,150
CUST-00594,2024-02-23,Sydney;Australia,Mobile-Android,Referral,Viewed,NULL,FALSE,2024-03-06 12:15:49,448
CUST-00952,12/22/2024,london;United Kingdom,Desktop-Windows,facebook ads,VIEWED,N/A,No,10/01/2025 15:14,742
CUST-00734,03/04/2024,New York;United States,Tablet-iPadOS,google search,ADDED TO CART,,false,2024-04-08 00:41:42,635
CUST-01481,23-Dec-2024,new york;United States,mobile-ios,affiliate ,Viewed,NULL,FALSE,2025-01-12T13:45:33,625
CUST-00908,12/04/2024,Manchester;United Kingdom,MOBILE-ANDROID,Direct,VIEWED,N/A,FALSE,18/12/2024 19:06,-55
CUST-00866,18-Dec-2024,manchester;United Kingdom,Tablet-iPadOS,email campaign,ADDED TO CART,,no,01/01/2025 07:27 AM,1232
CUST-00313,"Jul 17, 2024",manchester;United Kingdom,mobile-ios,Google  Search,CHECKOUT,NULL,No,02/08/2024 13:53,914
CUST-00197,2024-02-11,Los Angeles;United States,desktop-windows,Referral,Added to Cart,NULL,No,2024-02-19T14:14:31,554
CUST-00159,2024-05-06,Melbourne;Australia,Desktop-Windows,Email  Campaign,Viewed,NULL,,08/05/2024 22:50,1426
CUST-00612,"Jul 30, 2024",Manchester;United Kingdom,Tablet-Android,referral,Added to cart ,n/a,no,2024-08-16T10:11:20,621
cust-00929,"Dec 19, 2024",Chicago;United States,Mobile-iOS,Referral,Purchased ,124.26,false,12/28/2024 09:09 AM,416
CUST-00379,10/14/2024,Toronto;Canada,mobile-ios,Email  Campaign,ADDED TO CART,,N,2024-10-22T16:15:46,670
CUST-00092,03-Jul-2024,Dublin;Ireland,Tablet-Android,referral, Viewed,NULL,N,2024-07-16T15:27:50,48
CUST-01293,05/03/2024,manchester;United Kingdom,mobile-ios,Referral, Checkout ,N/A,No,05/05/2024 01:11,1002
CUST-01798,13-Apr-2024,toronto;Canada,Mobile-iOS,Facebook Ads,viewed,n/a,0,2024-04-22 18:47:45,1198
CUST-00247,08-Oct-2024,LONDON;United Kingdom,Desktop-Windows,FACEBOOK ADS,CHECKOUT,n/a,No,22/10/2024 23:47,411
CUST-00717,12/18/2024,Paris;France,Mobile-iOS,Direct,VIEWED,n/a,N,26/12/2024 22:45,-54
CUST-00924,03/04/2024,Sydney;Australia,desktop-windows,referral, Viewed,N/A,,18/03/2024 02:25,1796
CUST-00936,2024-03-21,manchester;United Kingdom,desktop-windows, Facebook Ads,added to cart,n/a,false,04/01/2024 09:42 AM,1232
CUST-01527,2024-01-16,manchester;United Kingdom,desktop-windows,Email  Campaign,viewed,n/a,,01/26/2024 05:20 PM,1763
CUST-01469,10/07/2024,Chicago;United States,mobile-ios,email campaign,ADDED TO CART,,N,10/10/2024 08:13 AM,148
CUST-00816,07-Jan-2024,LONDON;United Kingdom,mobile-ios,affiliate , Viewed,n/a,,2024-01-21 16:25:13,299
CUST-01152,07/27/2024,Chicago;United States,MOBILE-ANDROID,Referral,Added to cart ,n/a,FALSE,05/08/2024 10:53,240
CUST-01310,2024-04-27,Birmingham;United Kingdom,Tablet-Android,instagram ads,purchased,$321.74,Yes,05/15/2024 08:57 AM,569
CUST-01681,"Dec 01, 2024",new york;United States,desktop-windows,DIRECT,Added to Cart,NULL,N,08/12/2024 08:57,
CUST-01367,21-Jan-2024,Toronto;Canada,Tablet-Android,Affiliate,Added to Cart,NULL,FALSE,2024-02-01 20:41:06,1260
CUST-00794,2024-11-09,toronto;Canada,MOBILE-ANDROID, Facebook Ads,Viewed,N/A,false,11/26/2024 08:34 AM,1707
CUST-00770,05/23/2024,Paris;France,Desktop-macOS,direct,VIEWED,n/a,N,2024-05-23 16:02:38,1214
CUST-01052,21/09/2024,Chicago;United States,mobile-ios,Direct,VIEWED,NULL,FALSE,05/10/2024 06:48,1441
CUST-01300,25-Jan-2024,Sydney;Australia,Mobile-iOS,Google Search, Viewed,NULL,0,02/08/2024 04:52 AM,355
CUST-01234,"Jul 26, 2024",Melbourne;Australia,Mobile-iOS,instagram ads,Added to Cart,,no,2024-07-30T12:20:19,276
CUST-00441,03/07/2024,Leeds;United Kingdom,Desktop-Windows,FACEBOOK ADS,viewed,N/A,No,2024-07-07T01:11:48,1026
CUST-01280,02/29/2024,manchester;United Kingdom,desktop-windows,FACEBOOK ADS,added to cart,N/A,no,03/01/2024 01:48 PM,1752
CUST-01625,09-May-2024,Chicago;United States,mobile-ios,instagram ads,added to cart,,No,05/16/2024 03:31 PM,
CUST-00759,"Jun 03, 2024",Paris;France,Tablet-Android,affiliate ,VIEWED,N/A,no,06/12/2024 11:57 AM,1757
CUST-01157,21-Oct-2024,new york;United States,Mobile-Android,Instagram Ads,Added to cart ,N/A,N,05/11/2024 12:24,103
CUST-00804,07/17/2024,Chicago;United States,Desktop-macOS,Direct,added to cart,N/A,false,21/07/2024 17:52,1620
CUST-01111,19-Jun-2024,LONDON;United Kingdom,Desktop-macOS,affiliate , Viewed,N/A,false,2024-07-04 13:02:00,1466
CUST-00225,2024-12-01,Paris;France,MOBILE-ANDROID,email campaign,Added to Cart,NULL,false,16/12/2024 23:26,1328
CUST-00160,19/11/2024,manchester;United Kingdom,MOBILE-ANDROID,Google  Search,VIEWED,n/a,FALSE,01/12/2024 02:35,607
CUST-00050,2024-02-28,manchester;United Kingdom,Tablet-iPadOS,Email Campaign, Checkout ,N/A,0,11/03/2024 10:48,1055
CUST-01143,05-Jun-2024,Chicago;United States,mobile-ios,Facebook Ads,Viewed,N/A,,13/06/2024 09:26,1621
CUST-01666,11/20/2024,Berlin;Germany,Tablet-iPadOS,Instagram Ads,Viewed,n/a,false,11/26/2024 10:29 PM,458
CUST-01195,10-Mar-2024,London;United Kingdom,Tablet-iPadOS,instagram ads,viewed,NULL,0,03/23/2024 11:05 AM,1282
CUST-01369,"Nov 05, 2024",london;United Kingdom,mobile-ios,facebook ads,Viewed,,FALSE,11/23/2024 05:19 PM,423
CUST-01674,2024-04-10,new york;United States,mobile-ios,email campaign, Viewed,,N,2024-04-22T17:03:10,1665
CUST-00479,"Jul 11, 2024",Birmingham;United Kingdom,Mobile-iOS,Email  Campaign,checkout,n/a,0,07/15/2024 10:28 AM,
CUST-00074,2024-10-17,london;United Kingdom,mobile-ios,google search,Viewed,,no,2024-10-27T07:42:28,574
CUST-01638,05/16/2024,Berlin;Germany,mobile-ios,instagram ads, Viewed,,No,05/29/2024 08:20 PM,1483
CUST-01165,08/04/2024,Birmingham;United Kingdom,Tablet-iPadOS,email campaign,viewed,N/A,No,07/08/2024 10:13,294
CUST-01365,"May 18, 2024",Toronto;Canada,MOBILE-ANDROID, Facebook Ads,Viewed,NULL,,2024-05-29 00:32:33,
CUST-00137,2024-05-16,Toronto;Canada,desktop-windows,DIRECT,viewed,n/a,false,2024-06-03 05:27:02,1570
CUST-01247,10/01/2024,Berlin;Germany,Tablet-Android,direct, Viewed,N/A,No,2024-10-11T12:03:34,1039
CUST-01439,2024-04-27,Los Angeles;United States,Tablet-iPadOS,Instagram Ads,Viewed,n/a,no,2024-05-03T17:51:00,780
CUST-01702,29/10/2024,Manchester;United Kingdom,MOBILE-ANDROID,FACEBOOK ADS,Viewed,,FALSE,11/18/2024 08:44 PM,442
CUST-00913,19/09/2024,Birmingham;United Kingdom,MOBILE-ANDROID,Referral,Viewed,N/A,,2024-10-03T14:39:11,674
CUST-01419,"Oct 03, 2024",Manchester;United Kingdom,Tablet-Android,Google Search,Viewed,NULL,N,2024-10-23T07:02:29,1235
CUST-01245,"Apr 25, 2024",Sydney;Australia,Mobile-Android,DIRECT,VIEWED,,false,04/28/2024 12:45 AM,750
CUST-00217,02/07/2024,toronto;Canada,Mobile-iOS,Instagram Ads,added to cart,,FALSE,13/07/2024 00:51,1637
CUST-00620,"Oct 31, 2024",London;United Kingdom,Tablet-iPadOS,Instagram Ads,PURCHASED,USD 378.38,No,2024-11-17 00:49:16,702
CUST-01110,03/28/2024,Paris;France,Mobile-Android,referral, Viewed,,false,2024-04-04 21:27:30,1045
CUST-01683,22/07/2024,toronto;Canada,Tablet-iPadOS,Facebook Ads,checkout,,FALSE,2024-07-28T02:50:11,713
CUST-00623,03/30/2024,Chicago;United States,desktop-windows,affiliate ,ADDED TO CART,N/A,N,04/11/2024 05:39 PM,1643
CUST-00587,17-Oct-2024,toronto;Canada,Mobile-iOS,Email  Campaign, Viewed,N/A,N,2024-10-21 13:08:25,567
CUST-00102,25-Jun-2024,Birmingham;United Kingdom,mobile-ios,direct,Added to Cart,N/A,no,28/06/2024 16:40,723
CUST-00216,22-Feb-2024,Los Angeles;United States,mobile-ios,FACEBOOK ADS,VIEWED,n/a,0,03/09/2024 01:57 AM,289
CUST-01743,19/04/2024,Los Angeles;United States,MOBILE-ANDROID,referral,Added to Cart,,FALSE,04/20/2024 04:28 PM,644
CUST-00141,2024-07-22,new york;United States,Tablet-iPadOS,Referral,Added to cart ,NULL,No,2024-08-05T23:52:58,1649
 CUST-00034,10/03/2024,london;United Kingdom,Desktop-Windows,Direct,ADDED TO CART,NULL,no,2024-03-26T17:48:35,54
CUST-01175,27/02/2024,toronto;Canada,Desktop-macOS,instagram ads, Viewed,N/A,No,2024-03-14 07:40:41,429
CUST-00480,05/14/2024,Dublin;Ireland,MOBILE-ANDROID,google search,Purchased,£24.13,Y,21/05/2024 11:20,1672
CUST-00458,26-Nov-2024,LONDON;United Kingdom,MOBILE-ANDROID,Affiliate,Viewed,N/A,,2024-12-06 07:30:24,383
CUST-00481,"Sep 26, 2024",LONDON;United Kingdom,Mobile-Android,Google Search,viewed,N/A,No,2024-10-08T06:41:24,894
CUST-01257,10/08/2024,London;United Kingdom,mobile-ios,Affiliate,viewed,N/A,false,2024-10-12T22:01:21,17
CUST-01162,"Apr 03, 2024",Birmingham;United Kingdom,mobile-ios,facebook ads,viewed,n/a,0,09/04/2024 11:56,235
CUST-00798,2024-03-06,Berlin;Germany,Tablet-iPadOS, Facebook Ads,Purchased,$346.71,TRUE,2024-03-14T15:52:04,1590
CUST-01668,"Jan 19, 2024",new york;United States,Mobile-iOS,Referral,added to cart,n/a,no,2024-02-03 01:57:09,239
CUST-00755,"Jul 31, 2024",Birmingham;United Kingdom,mobile-ios,referral,viewed,n/a,N,16/08/2024 23:44,841
CUST-00893,11/10/2024,New York;United States,Tablet-iPadOS,Google Search,VIEWED,NULL,false,2024-10-19T20:08:31,511
CUST-01530,19-Jun-2024,Birmingham;United Kingdom,Tablet-iPadOS,Google Search,purchased, $24.04 ,N,2024-06-25T20:36:25,1221
CUST-00693,05-Aug-2024,Dublin;Ireland,MOBILE-ANDROID,Direct,Added to Cart,N/A,0,12/08/2024 23:47,-40
CUST-01432,23-Dec-2024,new york;United States,Tablet-Android,Google  Search, Viewed,n/a,N,07/01/2025 18:07,271
CUST-00277,21-Jun-2024,toronto;Canada,Mobile-Android,FACEBOOK ADS,PURCHASED,USD 324.04,no,2024-07-10T13:21:28,1546
CUST-00204,06/04/2024,Sydney;Australia,Tablet-iPadOS,referral,Viewed,N/A,N,2024-04-13T07:04:56,1179
 CUST-00207,19/10/2024,New York;United States,MOBILE-ANDROID,instagram ads,Viewed,,0,07/11/2024 17:48,32
CUST-00144,19/10/2024,toronto;Canada,mobile-ios,Google Search,purchased, $204.08 ,Y,10/27/2024 10:58 AM,1030
CUST-01343,23-Oct-2024,Birmingham;United Kingdom,Tablet-iPadOS,instagram ads,Purchased, $327.87 ,No,2024-11-09T13:20:17,1156
CUST-00779,09/10/2024,Sydney;Australia,mobile-ios,referral, Viewed,n/a,false,10/26/2024 07:41 PM,773
CUST-01669,01-May-2024,Sydney;Australia,Tablet-iPadOS,Direct,VIEWED,N/A,,2024-05-10T23:00:47,1394
CUST-01044,16-May-2024,Toronto;Canada,MOBILE-ANDROID, Facebook Ads,Added to cart ,,no,2024-05-25 03:34:13,523
CUST-00785,2024-06-18,toronto;Canada,desktop-windows,direct,ADDED TO CART,N/A,N,06/24/2024 06:14 PM,531
CUST-01230,09/17/2024,new york;United States,Desktop-Windows,DIRECT,added to cart,n/a,,2024-09-21 15:43:48,106
CUST-00953,2024-10-27,toronto;Canada,MOBILE-ANDROID,Google Search,Viewed,,false,2024-11-09T06:28:17,1627
CUST-00505,"Mar 11, 2024",Los Angeles;United States,MOBILE-ANDROID,Google Search,added to cart,NULL,false,03/30/2024 06:38 AM,1626
CUST-00540,2024-04-23,Manchester;United Kingdom,mobile-ios,referral,VIEWED,NULL,N,05/04/2024 07:47 PM,1144
CUST-00756,05/15/2024,London;United Kingdom,Mobile-iOS,email campaign,added to cart,NULL,N,2024-05-27T10:38:35,362
CUST-00333,2024-12-11,toronto;Canada,Mobile-iOS,FACEBOOK ADS, Checkout ,n/a,no,18/12/2024 03:50,1107
CUST-00728,23/10/2024,Toronto;Canada,desktop-windows,email campaign,PURCHASED,$57.25,false,02/11/2024 15:04,1426
CUST-01151,05-Jun-2024,Sydney;Australia,Tablet-iPadOS,Direct,PURCHASED,$399.89,No,06/13/2024 04:15 PM,541
CUST-00960,"Jun 21, 2024",toronto;Canada,desktop-windows,direct,Viewed,,N,07/07/2024 06:39,101
CUST-01011,04-Jun-2024,Dublin;Ireland,mobile-ios,Instagram Ads,VIEWED,n/a,false,24/06/2024 21:36,1121
CUST-01379,22/07/2024,Birmingham;United Kingdom,Desktop-macOS,Google Search,Added to Cart,n/a,false,2024-07-31T06:47:14,-53
CUST-00406,10/01/2024,new york;United States,Mobile-iOS,Email Campaign, Viewed,N/A,FALSE,2024-10-17 03:47:39,1227
CUST-01546,29/12/2024,new york;United States,Tablet-iPadOS,Email  Campaign,ADDED TO CART,,false,01/15/2025 09:25 PM,203
CUST-00101,09-Oct-2024,LONDON;United Kingdom,Mobile-Android,Email Campaign,Added to cart ,NULL,,2024-10-17 21:43:29,166
CUST-01712,"Nov 05, 2024",LONDON;United Kingdom,Desktop-Windows,google search, Viewed,n/a,,2024-11-25T22:31:02,1636
CUST-00202,01-Dec-2024,Berlin;Germany,Mobile-iOS,google search, Checkout ,,0,12/20/2024 04:40 PM,988
CUST-01742,01/30/2024,london;United Kingdom,Tablet-Android,facebook ads,viewed,NULL,0,2024-02-12T23:27:19,291
 CUST-01488,"Nov 05, 2024",Birmingham;United Kingdom,Mobile-Android,DIRECT,added to cart,N/A,,2024-11-08 10:50:27,1124
CUST-00521,15/09/2024,Berlin;Germany,Mobile-Android,Email Campaign, Viewed,N/A,0,2024-10-05 09:09:20,513
CUST-00039,2024-07-13,Berlin;Germany,Desktop-macOS,google search,PURCHASED,397.94,FALSE,02/08/2024 17:14,1015
CUST-00481,"Sep 26, 2024",LONDON;United Kingdom,Mobile-Android,Google Search,viewed,N/A,No,2024-10-08T06:41:24,894
CUST-00745,12/30/2024,Melbourne;Australia,MOBILE-ANDROID,google search,purchased,309.79,true,2025-01-19 08:25:51,890
CUST-01168,"Oct 11, 2024",Birmingham;United Kingdom,MOBILE-ANDROID,Facebook Ads,added to cart,,No,10/22/2024 09:24 PM,1652
CUST-00184,2024-02-08,Leeds;United Kingdom,Tablet-iPadOS,Google Search,ADDED TO CART,,N,2024-02-28T02:47:37,902
CUST-01064,06/15/2024,new york;United States,Mobile-iOS,facebook ads, Viewed,n/a,no,06/29/2024 07:13 AM,1530
CUST-00672,04/22/2024,Berlin;Germany,mobile-ios,Referral, Viewed,n/a,No,2024-04-26 12:07:27,1549
 CUST-01620,2024-02-10,New York;United States,Desktop-Windows,affiliate ,VIEWED,NULL,N,2024-02-11T18:33:13,192
CUST-00616,01/28/2024,Toronto;Canada,Mobile-Android,facebook ads, Viewed,N/A,no,2024-02-01T16:04:07,1259
CUST-01306,02/10/2024,Manchester;United Kingdom,mobile-ios,instagram ads,Viewed,N/A,FALSE,2024-10-04T04:29:15,819
CUST-00778,10/09/2024,New York;United States,MOBILE-ANDROID,DIRECT,viewed,N/A,N,16/09/2024 15:10,1004
CUST-00408,2024-10-07,Paris;France,mobile-ios,affiliate ,Added to cart ,n/a,false,2024-10-18T14:34:31,137
CUST-01658,"Nov 08, 2024",Chicago;United States,Mobile-Android,affiliate ,Viewed,,0,11/18/2024 07:48 AM,1402
CUST-00266,2024-07-27,Dublin;Ireland,Mobile-Android,referral,ADDED TO CART,n/a,false,2024-08-06T04:25:53,1566
CUST-01568,2024-05-01,new york;United States,Mobile-iOS,Google  Search,Added to cart ,n/a,no,2024-05-15 07:36:49,506
CUST-01425,17-Nov-2024,LONDON;United Kingdom,Mobile-iOS,affiliate , Viewed,NULL,FALSE,18/11/2024 17:19,1662
CUST-00640,08/12/2024,london;United Kingdom,mobile-ios,Facebook Ads,Purchased,USD 163.21,No,2024-12-20T07:30:09,1159
CUST-00901,19-Jun-2024,New York;United States,Tablet-iPadOS,direct,ADDED TO CART,N/A,0,2024-07-03 10:38:56,721
CUST-00431,07/02/2024,Paris;France,MOBILE-ANDROID,Referral,Purchased , $54.25 ,FALSE,2024-07-06T02:29:57,1066
 CUST-00189,17/10/2024,Leeds;United Kingdom,Tablet-iPadOS,Affiliate,Added to Cart,,No,30/10/2024 16:31,-62
CUST-00846,03/24/2024,Dublin;Ireland,Tablet-Android,Google Search,Added to cart ,N/A,FALSE,04/02/2024 02:35 AM,613
CUST-00445,11/27/2024,manchester;United Kingdom,Mobile-Android,Google  Search,checkout,NULL,no,03/12/2024 15:14,1560
CUST-00796,04/07/2024,London;United Kingdom,desktop-windows,facebook ads, Viewed,N/A,false,22/04/2024 10:46,340
CUST-01413,2024-04-19,Toronto;Canada,Mobile-Android,referral,Viewed,NULL,FALSE,30/04/2024 15:55,796
CUST-01521,24/04/2024,Berlin;Germany,Tablet-iPadOS,Referral,Added to Cart,,,05/05/2024 12:13 PM,1515
CUST-00771,2024-12-06,Berlin;Germany,Tablet-Android,affiliate ,Added to cart ,,FALSE,2024-12-08 16:40:32,1579
CUST-01214,"May 29, 2024",Berlin;Germany,Mobile-Android,Referral,Purchased ,$271.15,No,2024-06-02T21:09:57,541
CUST-00799,04/06/2024,london;United Kingdom,Mobile-iOS,Google Search,added to cart,n/a,0,2024-04-10 13:39:41,612
CUST-01724,18/04/2024,Toronto;Canada,mobile-ios,referral,ADDED TO CART,NULL,No,2024-04-24 04:28:47,1000
CUST-00016,05-Apr-2024,LONDON;United Kingdom,MOBILE-ANDROID,Direct,added to cart,,FALSE,2024-04-06T19:29:41,662
CUST-01637,01/02/2024,New York;United States,mobile-ios,Email  Campaign,Added to cart ,,false,06/01/2024 07:24,1336
CUST-01046,11-Jul-2024,New York;United States,Desktop-Windows,direct,ADDED TO CART,N/A,N,2024-07-21 00:58:16,805
CUST-00453,"Oct 13, 2024",new york;United States,Tablet-iPadOS,direct, Viewed,NULL,,17/10/2024 05:53,952
CUST-01071,2024-12-19,Los Angeles;United States,Desktop-macOS,Referral,viewed,NULL,N,2024-12-25T17:48:12,491
CUST-00260,06/10/2024,Manchester;United Kingdom,mobile-ios,direct,VIEWED,n/a,,2024-06-22T00:53:08,1408
CUST-00452,"Apr 08, 2024",Manchester;United Kingdom,mobile-ios,direct,Viewed,,N,17/04/2024 14:09,771
CUST-01001,08/14/2024,Birmingham;United Kingdom,mobile-ios,Referral,VIEWED,n/a,FALSE,08/27/2024 09:10 PM,759
CUST-01322,"May 24, 2024",Los Angeles;United States,mobile-ios,Google  Search, Viewed,n/a,no,06/12/2024 07:23 AM,956
CUST-01077,04/03/2024,new york;United States,Desktop-macOS,affiliate ,ADDED TO CART,,false,2024-04-03T23:07:39,813
CUST-01537,"Jan 15, 2024",Berlin;Germany,desktop-windows,Referral,Viewed,NULL,0,23/01/2024 14:46,458
CUST-00736,28-Oct-2024,Berlin;Germany,Desktop-Windows,affiliate , Checkout ,N/A,FALSE,2024-11-14T11:49:39,848
CUST-00552,07/12/2024,Berlin;Germany,Mobile-Android,referral,viewed,N/A,No,10/12/2024 04:37,408
CUST-01273,28-Oct-2024,Sydney;Australia,Mobile-iOS, Facebook Ads, Viewed,N/A,,11/17/2024 05:59 PM,1553
CUST-00044,08/11/2024,Leeds;United Kingdom,Desktop-Windows,FACEBOOK ADS,Purchased,USD 192.71,N,11/13/2024 01:36 AM,944
 CUST-00519,28/09/2024,Toronto;Canada,Tablet-iPadOS,Referral,Added to Cart,n/a,N,10/11/2024 10:10 PM,1521
CUST-01290,2024-08-31,Sydney;Australia,Mobile-iOS,instagram ads,Added to cart ,N/A,No,09/02/2024 03:06 AM,546
CUST-01113,20/09/2024,Berlin;Germany,mobile-ios,Facebook Ads,ADDED TO CART,N/A,false,09/10/2024 23:01,136
cust-00999,13/11/2024,Manchester;United Kingdom,Desktop-Windows,FACEBOOK ADS,Purchased,USD 317.79,N,26/11/2024 06:40,
CUST-00848,16/09/2024,Chicago;United States,Tablet-Android,google search,viewed,N/A,,2024-10-01T16:45:28,244
 CUST-00205,12/04/2024,london;United Kingdom,Tablet-iPadOS,facebook ads,viewed,n/a,no,2024-04-29T15:05:53,268
CUST-00834,04/02/2024,Manchester;United Kingdom,Tablet-Android,google search,viewed,,,02/11/2024 09:05 PM,1552
CUST-01486,"Jun 22, 2024",Los Angeles;United States,Mobile-iOS,Direct,Added to cart ,,No,28/06/2024 09:28,1577
CUST-01087,14/05/2024,LONDON;United Kingdom,mobile-ios,direct,ADDED TO CART,,0,2024-05-16 01:28:46,1328
CUST-00415,02-May-2024,toronto;Canada,Desktop-Windows,Email  Campaign,Viewed,N/A,,2024-05-11T19:12:38,-51
CUST-00227,"Nov 25, 2024",New York;United States,Mobile-Android,DIRECT,Added to Cart,NULL,0,2024-12-02 06:47:08,51
CUST-00631,24/04/2024,Los Angeles;United States,Desktop-Windows,Facebook Ads,viewed,,N,24/04/2024 23:17,213
CUST-00106,2024-05-06,london;United Kingdom,Desktop-Windows,Direct, Viewed,N/A,,25/05/2024 10:07,1491
CUST-00496,21-Mar-2024,Los Angeles;United States,Mobile-Android,Google  Search, Viewed,,no,2024-03-23 00:58:04,854
CUST-00288,2024-04-11,Leeds;United Kingdom,Mobile-Android,Instagram Ads,VIEWED,,No,04/28/2024 11:07 AM,512
CUST-01722,08/06/2024,Melbourne;Australia,Tablet-Android,Referral,ADDED TO CART,n/a,no,2024-06-22 11:57:46,1328
CUST-01536,"Apr 13, 2024",Paris;France,Desktop-Windows,Google Search,Added to Cart,n/a,No,2024-04-28T03:00:54,850
CUST-00545,25-Jun-2024,london;United Kingdom,Tablet-iPadOS,google search,viewed,N/A,N,03/07/2024 03:53,880
CUST-00112,"Jan 27, 2024",Birmingham;United Kingdom,Tablet-Android,Direct,Added to Cart,,No,2024-01-28T06:14:43,1429
CUST-00957,31-Jul-2024,Leeds;United Kingdom,desktop-windows,Email  Campaign,VIEWED,N/A,N,08/01/2024 03:06 PM,1798
CUST-01749,"Oct 01, 2024",Leeds;United Kingdom,Mobile-Android,Instagram Ads,viewed,NULL,N,10/08/2024 04:48 AM,1730
CUST-00989,18/07/2024,Dublin;Ireland,mobile-ios,Facebook Ads, Viewed,n/a,0,2024-08-04 08:23:20,1300
CUST-01646,05/12/2024,Paris;France,mobile-ios,Affiliate,Viewed,N/A,No,12/10/2024 11:45 AM,1059
CUST-00019,10/10/2024,Los Angeles;United States,MOBILE-ANDROID,email campaign,ADDED TO CART,NULL,no,2024-10-29 12:39:34,581
CUST-00537,09-Mar-2024,Leeds;United Kingdom,Desktop-macOS,instagram ads,Added to Cart,n/a,no,18/03/2024 00:55,535
CUST-00906,01-Aug-2024,New York;United States,Desktop-macOS,affiliate ,Checkout,N/A,false,08/20/2024 11:52 PM,
CUST-00383,2024-08-16,Leeds;United Kingdom,Tablet-iPadOS,direct,VIEWED,N/A,,2024-09-01T08:25:35,1726
CUST-00056,08/08/2024,Paris;France,desktop-windows,affiliate ,viewed,N/A,No,2024-08-09T21:18:00,1209
cust-01791,08-Nov-2024,Sydney;Australia,Mobile-Android,Google  Search,ADDED TO CART,n/a,No,23/11/2024 11:51,1639
CUST-00416,03/06/2024,Los Angeles;United States,MOBILE-ANDROID,google search,VIEWED,NULL,,06/03/2024 08:17 PM,1021
CUST-00097,2024-11-23,toronto;Canada,Desktop-macOS,referral,viewed,,No,2024-12-11T04:05:18,1609
CUST-01533,04/28/2024,LONDON;United Kingdom,Desktop-macOS,Affiliate,viewed,,FALSE,14/05/2024 06:13,466
CUST-00185,"Jan 16, 2024",Birmingham;United Kingdom,Desktop-macOS,Google  Search,VIEWED,n/a,0,04/02/2024 09:56,518
CUST-00657,09-Jan-2024,london;United Kingdom,MOBILE-ANDROID,Email  Campaign,Added to Cart,,No,01/13/2024 08:51 PM,1409
CUST-01345,04/04/2024,Chicago;United States,Tablet-Android,Referral,Viewed,N/A,N,04/20/2024 03:22 PM,307
CUST-01572,03/07/2024,Manchester;United Kingdom,Mobile-iOS,Referral, Viewed,,0,03/12/2024 05:56 AM,71
CUST-00195,2024-07-11,Dublin;Ireland,Mobile-Android,email campaign, Viewed,,0,31/07/2024 07:51,124
CUST-00297,06/10/2024,Toronto;Canada,desktop-windows,direct,VIEWED,N/A,FALSE,22/06/2024 11:01,1539
CUST-00439,28-Apr-2024,London;United Kingdom,desktop-windows,affiliate , Checkout ,NULL,N,05/08/2024 03:12 PM,345
CUST-00615,2024-08-24,New York;United States,Mobile-iOS,DIRECT, Checkout ,n/a,no,2024-08-26 15:54:07,827
CUST-01515,26/09/2024,Berlin;Germany,Mobile-Android,direct, Checkout ,NULL,N,2024-09-28T15:20:37,744
CUST-00636,22/06/2024,new york;United States,Desktop-Windows,Direct,Added to cart ,NULL,0,05/07/2024 14:43,1603
CUST-00965,26/05/2024,London;United Kingdom,Tablet-iPadOS,instagram ads,viewed,NULL,,2024-06-08T14:54:06,784
CUST-00285,04/05/2024,new york;United States,mobile-ios,DIRECT,viewed,,No,2024-04-05T10:43:25,1624
CUST-00026,06/07/2024,toronto;Canada,Desktop-Windows,Affiliate,checkout,n/a,0,2024-06-19 06:52:08,1624
CUST-01410,"Aug 13, 2024",Los Angeles;United States,Tablet-Android,direct,Added to Cart,n/a,N,2024-08-24T14:44:31,1421
cust-00270,"Oct 04, 2024",Toronto;Canada,Desktop-macOS,Referral,VIEWED,NULL,No,10/20/2024 08:32 AM,277
CUST-00317,08/20/2024,Chicago;United States,mobile-ios, Facebook Ads,ADDED TO CART,,FALSE,2024-09-04T05:17:00,1268
CUST-01622,"Dec 09, 2024",Dublin;Ireland,mobile-ios,Facebook Ads,viewed,n/a,0,12/17/2024 06:41 AM,-83
CUST-00606,11/26/2024,toronto;Canada,Mobile-iOS, Facebook Ads,CHECKOUT,N/A,N,12/01/2024 09:18 AM,265
CUST-00600,05/05/2024,london;United Kingdom,Desktop-Windows,FACEBOOK ADS,Viewed,,N,2024-05-15 08:45:59,384
CUST-00715,"Sep 25, 2024",london;United Kingdom,Mobile-Android,email campaign,Checkout,NULL,FALSE,2024-10-11 07:43:08,633
CUST-00871,2024-07-17,manchester;United Kingdom,mobile-ios, Facebook Ads,Added to Cart,,,07/18/2024 10:24 PM,275
CUST-00835,"Feb 01, 2024",toronto;Canada,mobile-ios,Affiliate,viewed,NULL,No,02/04/2024 06:06 AM,1414
CUST-01593,14/11/2024,Sydney;Australia,Tablet-iPadOS,Facebook Ads,purchased,$322.38,No,21/11/2024 05:07,1520
CUST-00021,01/22/2024,london;United Kingdom,Desktop-macOS,Google  Search,Viewed,n/a,,2024-02-03T09:13:24,499
CUST-01483,23/07/2024,Melbourne;Australia,desktop-windows,FACEBOOK ADS, Viewed,,no,2024-08-04 23:35:26,56
CUST-01274,12-May-2024,Los Angeles;United States,Tablet-iPadOS,referral,Purchased, $48.51 ,yes,23/05/2024 10:35,
CUST-00991,20-Jan-2024,Chicago;United States,Tablet-Android,Facebook Ads,checkout,n/a,N,02/04/2024 07:25 PM,1792
CUST-00935,17/01/2024,Toronto;Canada,Desktop-Windows,direct, Checkout ,NULL,N,01/20/2024 07:17 PM,1741
CUST-00658,2024-05-24,Chicago;United States,Desktop-macOS,email campaign,VIEWED,NULL,no,2024-06-06 11:12:33,322
 CUST-01790,"Dec 01, 2024",Sydney;Australia,Desktop-Windows,Google Search, Viewed,N/A,FALSE,01/12/2024 04:27,27
CUST-01532,14/07/2024,London;United Kingdom,Mobile-Android,facebook ads,purchased, $43.70 ,false,07/14/2024 10:46 PM,106
CUST-01535,"Aug 22, 2024",London;United Kingdom,Desktop-macOS,Instagram Ads,Added to Cart,,no,05/09/2024 21:20,32
CUST-01696,"Jul 27, 2024",New York;United States,Tablet-iPadOS,DIRECT, Viewed,,false,2024-08-12 23:15:15,503
CUST-01565,"Jan 28, 2024",New York;United States,mobile-ios,google search,Added to cart ,,,2024-02-04T14:19:44,1608
CUST-01539,06/01/2024,Melbourne;Australia,desktop-windows,FACEBOOK ADS,VIEWED,N/A,No,2024-01-18 13:44:54,510
CUST-00637,23-Dec-2024,Toronto;Canada,desktop-windows,FACEBOOK ADS,added to cart,N/A,N,2025-01-06 15:47:57,677
CUST-00418,07/24/2024,Chicago;United States,Mobile-Android, Facebook Ads,added to cart,NULL,,08/13/2024 07:17 AM,288
cust-00394,04/21/2024,Birmingham;United Kingdom,Tablet-Android,Facebook Ads,Viewed,N/A,FALSE,2024-05-09T09:58:26,915
CUST-01525,22/08/2024,Birmingham;United Kingdom,mobile-ios,FACEBOOK ADS,VIEWED,N/A,FALSE,2024-09-06 22:43:27,597
CUST-01009,02/12/2024,Manchester;United Kingdom,desktop-windows,facebook ads,Purchased,£295.76,true,07/12/2024 10:09,459
CUST-01472,"Aug 21, 2024",toronto;Canada,mobile-ios,Email  Campaign,Purchased,$222.24,true,09/09/2024 08:40 PM,1691
CUST-00506,07/31/2024,London;United Kingdom,MOBILE-ANDROID,email campaign,purchased,£363.63,0,08/12/2024 01:35 AM,147
CUST-00123,01-Feb-2024,Leeds;United Kingdom,Tablet-Android,Google Search,Added to cart ,,false,2024-02-06T04:56:21,1671
cust-01296,"May 16, 2024",new york;United States,Tablet-iPadOS,FACEBOOK ADS,Added to Cart,NULL,0,2024-06-04 02:42:47,179
CUST-01218,27/01/2024,LONDON;United Kingdom,Tablet-iPadOS,affiliate ,Added to Cart,N/A,no,07/02/2024 12:31,940
CUST-00583,15/02/2024,Melbourne;Australia,Desktop-Windows,Referral, Viewed,N/A,N,2024-03-06T19:35:23,836
CUST-00670,"Dec 27, 2024",Sydney;Australia,Tablet-iPadOS,instagram ads,Purchased,$436.27,No,2025-01-11 16:22:00,580
CUST-00847,"Sep 10, 2024",Toronto;Canada,desktop-windows,FACEBOOK ADS,viewed,n/a,no,2024-09-24T13:44:36,1408
CUST-01612,"Feb 10, 2024",Dublin;Ireland,desktop-windows,email campaign,added to cart,,,02/16/2024 11:08 AM,1465
CUST-01694,17-Apr-2024,Chicago;United States,Desktop-Windows,Facebook Ads,Viewed,n/a,false,04/25/2024 12:46 PM,
CUST-00497,"Sep 16, 2024",London;United Kingdom,Mobile-Android,DIRECT,added to cart,NULL,N,09/16/2024 06:37 AM,684
 cust-01441,13/06/2024,Melbourne;Australia,Tablet-iPadOS,direct,Added to Cart,n/a,FALSE,2024-06-14 12:23:29,998
CUST-00222,2024-06-09,Manchester;United Kingdom,Mobile-iOS,Facebook Ads,viewed,n/a,no,2024-06-28T16:30:36,1516
CUST-00968,12/10/2024,toronto;Canada,Mobile-Android,DIRECT,Viewed,NULL,No,28/10/2024 16:13,1498
CUST-01557,"Dec 16, 2024",london;United Kingdom,desktop-windows,Google Search,Added to Cart,NULL,0,20/12/2024 14:00,1742
CUST-01534,"Feb 15, 2024",toronto;Canada,mobile-ios,Affiliate,Viewed,,No,2024-02-18T06:49:37,1786
CUST-00882,19-Sep-2024,Paris;France,Mobile-iOS,Direct,purchased,USD 120.24,FALSE,10/05/2024 04:45 PM,1469
cust-01240,26-Aug-2024,Chicago;United States,Mobile-iOS,facebook ads,Purchased, $26.31 ,1,28/08/2024 14:19,939
CUST-00104,11/24/2024,Leeds;United Kingdom,desktop-windows,Facebook Ads,ADDED TO CART,n/a,0,2024-11-30T01:59:58,137
CUST-01677,"Oct 30, 2024",Sydney;Australia,Tablet-Android,Email Campaign,VIEWED,NULL,N,2024-11-04T20:52:42,167
CUST-01272,30-Oct-2024,london;United Kingdom,Mobile-Android,FACEBOOK ADS,Viewed,,No,2024-11-06T06:40:44,1551
CUST-01282,"Feb 06, 2024",Toronto;Canada,Tablet-Android,Direct, Viewed,N/A,No,02/20/2024 06:43 PM,206
CUST-00364,30/08/2024,Birmingham;United Kingdom,Mobile-iOS,facebook ads,VIEWED,N/A,0,09/05/2024 02:06 AM,943
CUST-01005,"Dec 19, 2024",Melbourne;Australia,Tablet-iPadOS,Email Campaign,viewed,,No,27/12/2024 03:05,157
CUST-01756,04/19/2024,new york;United States,Tablet-Android,DIRECT,added to cart,,false,2024-04-24T13:22:27,606
CUST-01049,04/12/2024,Leeds;United Kingdom,desktop-windows, Facebook Ads,Added to cart ,,no,08/12/2024 20:50,1154
CUST-01692,07/17/2024,Los Angeles;United States,mobile-ios,Referral,ADDED TO CART,n/a,,2024-07-27T04:42:40,119
CUST-00613,04/05/2024,LONDON;United Kingdom,Mobile-Android,Referral,Purchased ,$96.74,TRUE,05/21/2024 04:33 AM,944
CUST-00576,10/19/2024,New York;United States,desktop-windows,google search,purchased, $338.26 ,No,28/10/2024 02:16,1254
CUST-00776,2024-06-14,Leeds;United Kingdom,Desktop-Windows,referral,VIEWED,N/A,0,2024-06-27 04:34:47,1239
CUST-00466,2024-03-09,Berlin;Germany,Mobile-iOS,Facebook Ads, Viewed,NULL,,2024-03-18 08:32:10,173
CUST-01431,2024-02-28,Melbourne;Australia,Mobile-iOS,email campaign,Purchased,USD 190.95,yes,2024-03-18 15:27:45,1730
CUST-01198,2024-09-20,Chicago;United States,mobile-ios, Facebook Ads,Viewed,N/A,0,2024-09-23T13:21:47,1147
CUST-01128,"May 02, 2024",new york;United States,mobile-ios,Instagram Ads,Added to Cart,n/a,No,2024-05-10 05:29:35,1382
CUST-01748,12/02/2024,Berlin;Germany,desktop-windows,email campaign,VIEWED,n/a,no,2024-02-15 18:52:59,546
CUST-00677,26/03/2024,Manchester;United Kingdom,Desktop-macOS,Google Search,Viewed,,,2024-04-03 21:30:56,737
CUST-01672,02-Feb-2024,London;United Kingdom,MOBILE-ANDROID,Facebook Ads, Viewed,N/A,,2024-02-10T03:45:31,329
CUST-00045,15-May-2024,Leeds;United Kingdom,desktop-windows, Facebook Ads,ADDED TO CART,N/A,N,17/05/2024 04:45,1703
CUST-00005,15/06/2024,london;United Kingdom,Desktop-macOS,Direct,CHECKOUT,N/A,false,2024-06-25T17:02:11,307
CUST-01737,2024-10-18,new york;United States,Desktop-macOS,Email Campaign,viewed,NULL,0,2024-11-06 13:30:57,1170
CUST-00155,29/10/2024,Chicago;United States,Mobile-Android,Instagram Ads, Checkout ,NULL,FALSE,2024-11-01T01:05:08,1115
CUST-01376,01/15/2024,manchester;United Kingdom,Mobile-iOS,instagram ads,Added to cart ,n/a,FALSE,01/25/2024 04:12 AM,1344
CUST-01361,2024-10-25,Leeds;United Kingdom,Tablet-Android,Referral,added to cart,n/a,false,10/29/2024 07:45 PM,1748
CUST-00463,16-Aug-2024,Leeds;United Kingdom,mobile-ios,Email  Campaign,Purchased ,USD 433.19,N,2024-09-02T11:03:18,1352
CUST-00980,26-Jan-2024,Chicago;United States,Mobile-iOS,Google Search,VIEWED,,,2024-01-28T06:08:31,499
CUST-01081,"Apr 02, 2024",LONDON;United Kingdom,Tablet-iPadOS,Direct,added to cart,,N,2024-04-05T08:13:01,749
CUST-00687,10-Nov-2024,new york;United States,Tablet-iPadOS,DIRECT,checkout,N/A,FALSE,2024-11-25T19:31:00,-54
CUST-01033,06/11/2024,Melbourne;Australia,Desktop-Windows,direct, Viewed,N/A,N,2024-11-14 02:39:26,1447
CUST-00494,23/07/2024,Paris;France,Desktop-macOS,affiliate , Viewed,NULL,FALSE,2024-07-24 18:01:18,949
CUST-00725,"May 02, 2024",Leeds;United Kingdom,Desktop-macOS,Google Search,added to cart,NULL,0,2024-05-07T11:22:45,959
 CUST-01039,20-Sep-2024,Birmingham;United Kingdom,Mobile-Android,FACEBOOK ADS,Added to Cart,n/a,N,2024-10-08 19:46:30,1552
CUST-00312,06-Nov-2024,New York;United States,MOBILE-ANDROID,Instagram Ads,VIEWED,,false,2024-11-23T11:38:43,975
CUST-00789,04-Nov-2024,Chicago;United States,Tablet-iPadOS,Affiliate, Viewed,,false,2024-11-16 00:39:09,505
CUST-00419,16/06/2024,LONDON;United Kingdom,desktop-windows,Email  Campaign,added to cart,,N,06/07/2024 02:15,421
CUST-00582,2024-11-17,London;United Kingdom,mobile-ios,Email Campaign,Added to Cart,NULL,N,11/27/2024 10:06 AM,154
CUST-01341,"Jan 27, 2024",new york;United States,mobile-ios,referral,Checkout,,0,28/01/2024 06:44,928
CUST-01592,08/11/2024,Manchester;United Kingdom,Tablet-iPadOS,Referral,viewed,n/a,false,2024-11-29 02:02:24,151
CUST-00876,"Dec 10, 2024",Paris;France,Desktop-macOS,email campaign,Added to cart ,NULL,FALSE,12/15/2024 02:53 AM,1729
CUST-00032,2024-08-26,Leeds;United Kingdom,desktop-windows,Direct,Viewed,NULL,0,08/26/2024 06:08 PM,1726
cust-01392,2024-10-12,New York;United States,desktop-windows,facebook ads,CHECKOUT,N/A,false,2024-10-18 16:09:43,983
CUST-00622,11/09/2024,Sydney;Australia,Desktop-macOS,Google  Search,viewed,NULL,false,09/13/2024 08:07 AM,935
CUST-01463,07-Feb-2024,london;United Kingdom,MOBILE-ANDROID,Email Campaign,added to cart,n/a,FALSE,02/27/2024 12:36 AM,334
CUST-01388,2024-02-18,LONDON;United Kingdom,desktop-windows,Google  Search,ADDED TO CART,n/a,No,02/22/2024 09:09 PM,1225
CUST-01787,20-Jan-2024,New York;United States,Mobile-iOS,Google  Search,viewed,n/a,No,01/29/2024 10:35 PM,905
CUST-01161,13-May-2024,Los Angeles;United States,MOBILE-ANDROID,instagram ads, Viewed,NULL,No,2024-05-15 08:07:30,774
CUST-00974,2024-01-14,toronto;Canada,Tablet-Android,facebook ads,VIEWED,,no,2024-01-27 11:44:40,943
CUST-00338,11/01/2024,Berlin;Germany,Mobile-iOS,FACEBOOK ADS,Checkout,N/A,false,2024-11-04T17:47:44,1198
CUST-01403,2024-01-03,toronto;Canada,Tablet-Android,DIRECT,Added to cart ,N/A,no,2024-01-17 13:14:57,737
CUST-00368,09-Nov-2024,Dublin;Ireland,MOBILE-ANDROID,FACEBOOK ADS,added to cart,NULL,,11/19/2024 02:11 AM,-55
CUST-01120,"Jan 19, 2024",toronto;Canada,MOBILE-ANDROID,Email Campaign,viewed,N/A,FALSE,01/28/2024 01:03 PM,-83
CUST-00020,03/07/2024,Birmingham;United Kingdom,Tablet-iPadOS,Affiliate,Viewed,,N,28/03/2024 02:11,1207
CUST-00462,11-Jun-2024,Sydney;Australia,Mobile-Android,Referral,Added to Cart,n/a,FALSE,2024-07-02 05:55:25,1623
 CUST-00283,"Jul 29, 2024",toronto;Canada,MOBILE-ANDROID,google search, Viewed,NULL,No,2024-08-04 10:24:32,1580
CUST-00422,08/18/2024,Melbourne;Australia,Mobile-Android,Facebook Ads,Added to cart ,N/A,false,2024-08-26T13:02:27,210
CUST-01705,2024-02-10,manchester;United Kingdom,mobile-ios,Facebook Ads,ADDED TO CART,n/a,no,03/01/2024 09:27 AM,1035
CUST-00367,05/18/2024,manchester;United Kingdom,Mobile-iOS,affiliate , Checkout ,NULL,No,06/03/2024 12:21 PM,336
CUST-00409,16/03/2024,Los Angeles;United States,desktop-windows,direct,Added to Cart,N/A,,03/25/2024 03:45 AM,540
CUST-00091,"Feb 02, 2024",Dublin;Ireland,Mobile-iOS,referral,viewed,n/a,0,02/02/2024 04:02 AM,1375
CUST-00047,11-Jan-2024,london;United Kingdom,mobile-ios,Referral,Purchased , $291.13 ,0,2024-01-18T19:48:45,1771
CUST-00730,06-Mar-2024,Los Angeles;United States,desktop-windows,instagram ads,Viewed,N/A,FALSE,12/03/2024 16:20,1491
CUST-00295,01/21/2024,LONDON;United Kingdom,MOBILE-ANDROID,referral,Added to cart ,N/A,No,01/02/2024 07:33,1158
CUST-00012,"Oct 19, 2024",New York;United States,Tablet-iPadOS,direct,Purchased ,$193.83,false,2024-10-21 22:58:45,1779
CUST-00403,01/24/2024,Toronto;Canada,Mobile-iOS,email campaign, Checkout ,n/a,N,07/02/2024 06:40,1228
CUST-01098,2024-10-16,London;United Kingdom,mobile-ios,direct,Viewed,,no,10/18/2024 09:00 PM,389
CUST-01480,"Dec 04, 2024",new york;United States,MOBILE-ANDROID,Direct,Viewed,n/a,,12/11/2024 11:35 PM,1621
CUST-00330,20/02/2024,Leeds;United Kingdom,Mobile-iOS,DIRECT,Added to Cart,,no,2024-03-11 15:47:32,193
CUST-01457,26/05/2024,Los Angeles;United States,Tablet-iPadOS,Direct,added to cart,N/A,0,06/13/2024 01:29 PM,1686
CUST-00605,08/04/2024,Chicago;United States,Mobile-Android,Direct,ADDED TO CART,,0,2024-08-08 10:42:42,854
CUST-00603,03/19/2024,Manchester;United Kingdom,MOBILE-ANDROID,Facebook Ads,checkout,n/a,no,29/03/2024 13:52,1144
CUST-01713,"Jun 02, 2024",New York;United States,desktop-windows,google search,purchased,£316.50,TRUE,2024-06-23T03:26:09,1337
CUST-00103,05/25/2024,Leeds;United Kingdom,Tablet-Android,instagram ads,purchased,USD 272.44,true,06/07/2024 09:52 AM,1705
CUST-00299,21-May-2024,Dublin;Ireland,mobile-ios, Facebook Ads,PURCHASED,£401.99,yes,2024-05-23T19:09:29,173
CUST-01180,14/11/2024,london;United Kingdom,desktop-windows,Direct,Added to Cart,n/a,N,18/11/2024 13:48,1117
 CUST-01166,20/10/2024,Leeds;United Kingdom,Mobile-iOS,Instagram Ads,Purchased ,$44.46,0,2024-11-05T20:55:30,911
CUST-00688,03/01/2024,Leeds;United Kingdom,Mobile-Android,Affiliate,checkout,,no,17/01/2024 00:21,
CUST-00920,05/06/2024,Birmingham;United Kingdom,mobile-ios,affiliate ,Viewed,,0,10/05/2024 17:59,1784
CUST-00173,"Aug 10, 2024",london;United Kingdom,Desktop-Windows,google search,Added to Cart,N/A,0,08/30/2024 11:13 AM,1491
CUST-00843,2024-04-14,Berlin;Germany,mobile-ios,Facebook Ads,Added to cart ,n/a,no,2024-04-14T15:22:51,456
CUST-01350,2024-05-25,manchester;United Kingdom,Desktop-macOS,affiliate ,added to cart,N/A,false,05/26/2024 10:18 PM,392
CUST-01615,"Aug 07, 2024",manchester;United Kingdom,desktop-windows,Instagram Ads, Viewed,n/a,false,2024-08-08T03:18:03,1030
CUST-00372,19-Dec-2024,london;United Kingdom,Desktop-Windows,direct,viewed,,FALSE,01/07/2025 06:07 AM,1396
CUST-00194,09/09/2024,Dublin;Ireland,desktop-windows, Facebook Ads,viewed,N/A,0,2024-09-11 02:47:18,229
CUST-00059,04/27/2024,New York;United States,MOBILE-ANDROID,instagram ads,viewed,,false,2024-05-11 16:06:09,1201
CUST-01202,"May 30, 2024",london;United Kingdom,Tablet-Android,Referral,Viewed,,FALSE,09/06/2024 16:43,86
CUST-00145,02/24/2024,London;United Kingdom,desktop-windows,email campaign, Viewed,n/a,0,2024-03-02T07:55:58,1232
CUST-01072,"Nov 02, 2024",new york;United States,mobile-ios,instagram ads,checkout,NULL,No,13/11/2024 21:40,324
CUST-00208,06/05/2024,Sydney;Australia,desktop-windows,Email  Campaign,Purchased ,$269.25,false,06/26/2024 01:24 PM,593
CUST-00475,2024-06-22,Melbourne;Australia,Tablet-Android,email campaign,Viewed,,N,2024-07-05 15:41:57,1188
CUST-01126,"Oct 31, 2024",LONDON;United Kingdom,desktop-windows,Google  Search,viewed,,No,11/08/2024 01:18 AM,31
CUST-00395,"Jun 30, 2024",Leeds;United Kingdom,Tablet-Android,Instagram Ads,ADDED TO CART,,0,02/07/2024 21:49,605
CUST-00485,"Feb 13, 2024",Paris;France,Desktop-macOS,Instagram Ads, Viewed,n/a,0,2024-02-23T00:44:32,1033
CUST-00139,01/24/2024,Dublin;Ireland,Mobile-iOS,google search,VIEWED,,No,05/02/2024 14:42,830
CUST-00042,24-Jan-2024,Los Angeles;United States,mobile-ios,Referral,Purchased ,£206.60,no,2024-02-13T02:59:06,1022
CUST-00210,2024-06-12,Berlin;Germany,Desktop-Windows,instagram ads, Viewed,NULL,false,12/06/2024 23:05,1420
CUST-00062,10/26/2024,Manchester;United Kingdom,MOBILE-ANDROID,Referral,ADDED TO CART,N/A,false,2024-10-27T21:52:21,851
CUST-01309,03/06/2024,Berlin;Germany,Desktop-macOS,Google Search, Viewed,n/a,0,08/03/2024 19:25,886
CUST-01605,"May 25, 2024",toronto;Canada,Tablet-Android,direct,ADDED TO CART,NULL,N,2024-06-03 15:13:42,1330
CUST-01465,"Feb 20, 2024",Manchester;United Kingdom,MOBILE-ANDROID,Google Search,Viewed,n/a,,2024-03-08 13:08:45,965
CUST-01655,25/07/2024,Berlin;Germany,mobile-ios,facebook ads,viewed,NULL,false,08/13/2024 03:02 AM,1242
CUST-00900,07/06/2024,New York;United States,Tablet-iPadOS,Google Search,Viewed,,N,2024-06-19 23:53:29,273
CUST-01676,2024-02-26,Dublin;Ireland,Desktop-macOS,FACEBOOK ADS,added to cart,,false,04/03/2024 23:57,1342
CUST-00941,2024-12-06,LONDON;United Kingdom,Desktop-macOS,google search,Viewed,,false,2024-12-10T01:52:52,1619
CUST-00095,"Mar 04, 2024",toronto;Canada,Tablet-iPadOS,Direct,CHECKOUT,n/a,,2024-03-06T07:23:57,1699
 CUST-00190,04/13/2024,Birmingham;United Kingdom,Desktop-macOS,facebook ads,added to cart,,,04/24/2024 09:45 AM,1371
CUST-01317,27/03/2024,new york;United States,Mobile-Android,Email Campaign,viewed,,,2024-03-27T11:55:02,923
CUST-01660,09/03/2024,Chicago;United States,Desktop-Windows,instagram ads,viewed,n/a,No,2024-09-19T08:40:56,223
CUST-01304,03/19/2024,Toronto;Canada,Mobile-iOS, Facebook Ads,viewed,n/a,no,2024-03-26 13:37:32,1047
CUST-00404,06/05/2024,Birmingham;United Kingdom,Mobile-iOS,Affiliate,Added to cart ,NULL,no,2024-06-05T14:10:03,788
CUST-00561,28-Nov-2024,Toronto;Canada,Desktop-macOS,FACEBOOK ADS,VIEWED,N/A,0,12/17/2024 03:39 PM,1686
CUST-00718,08/24/2024,Manchester;United Kingdom,MOBILE-ANDROID,Instagram Ads,PURCHASED,USD 331.75,FALSE,09/02/2024 08:48 PM,1157
CUST-01114,06/09/2024,manchester;United Kingdom,Tablet-Android, Facebook Ads,ADDED TO CART,N/A,false,06/09/2024 15:08,276
CUST-01096,"Feb 12, 2024",Paris;France,desktop-windows, Facebook Ads,Viewed,N/A,no,02/29/2024 07:38 AM,811
CUST-01012,"Jun 06, 2024",Manchester;United Kingdom,Tablet-iPadOS,DIRECT, Viewed,N/A,No,2024-06-23T14:42:47,1184
CUST-01609,04/27/2024,Los Angeles;United States,Mobile-iOS,Google Search,VIEWED,N/A,,2024-05-09T16:38:20,1114
CUST-00147,15-Oct-2024,Dublin;Ireland,mobile-ios,Affiliate,added to cart,NULL,,2024-10-21 12:16:28,852
CUST-01711,11-Apr-2024,Chicago;United States,Tablet-Android,google search,Viewed,n/a,FALSE,05/02/2024 06:21 AM,173
CUST-00946,09-Jan-2024,Birmingham;United Kingdom,mobile-ios,FACEBOOK ADS,Added to Cart,NULL,no,2024-01-27 17:44:01,1527
CUST-01561,2024-09-14,Los Angeles;United States,mobile-ios,facebook ads,added to cart,NULL,no,2024-09-22 07:31:49,374
CUST-00165,05/20/2024,new york;United States,Mobile-Android,Email  Campaign,viewed,,0,06/02/2024 11:23 AM,894
CUST-01485,03/30/2024,Paris;France,Mobile-iOS,facebook ads,added to cart,n/a,N,04/14/2024 03:44 PM,830
CUST-00662,17/08/2024,manchester;United Kingdom,Tablet-Android,Instagram Ads, Viewed,N/A,FALSE,08/23/2024 04:14 AM,851
CUST-01495,31/01/2024,New York;United States,Mobile-Android, Facebook Ads,Added to cart ,,0,2024-02-13T15:40:31,518
CUST-00833,08/10/2024,toronto;Canada,mobile-ios,email campaign,Viewed,n/a,no,2024-08-23 00:31:55,1483
CUST-01468,26/05/2024,manchester;United Kingdom,Mobile-Android,Email  Campaign,Checkout,n/a,No,2024-06-02 07:09:53,1370
CUST-01328,2024-11-04,New York;United States,Tablet-iPadOS,Affiliate,Added to Cart,n/a,0,2024-11-22T01:34:57,948
CUST-00308,21-Jan-2024,Los Angeles;United States,Desktop-macOS,Referral,PURCHASED,169.59,TRUE,2024-01-27 06:00:26,1683
CUST-00118,"Jan 20, 2024",Birmingham;United Kingdom,Mobile-iOS,Direct,viewed,n/a,N,01/20/2024 10:22 AM,701
CUST-01154,2024-06-02,Chicago;United States,Desktop-Windows,referral,VIEWED,NULL,no,06/22/2024 12:32 AM,626
CUST-00085,23/06/2024,New York;United States,mobile-ios,Google Search,Added to Cart,,false,30/06/2024 21:42,385
CUST-01685,07/07/2024,Paris;France,Desktop-Windows,Google  Search,Viewed,,0,2024-07-15T12:51:05,1758
CUST-01411,02-Jan-2024,manchester;United Kingdom,Desktop-macOS,referral,VIEWED,,FALSE,11/01/2024 17:14,359
CUST-01258,13-Mar-2024,Toronto;Canada,Tablet-Android,FACEBOOK ADS,added to cart,NULL,No,03/29/2024 09:13 PM,653
CUST-00332,04-Oct-2024,Chicago;United States,Desktop-Windows,Google Search,VIEWED,N/A,No,10/06/2024 12:45 AM,923
CUST-01013,22-Oct-2024,Manchester;United Kingdom,mobile-ios,DIRECT, Viewed,,No,03/11/2024 22:08,693
CUST-01594,18-Dec-2024,New York;United States,Mobile-iOS,direct,viewed,N/A,false,2024-12-23T22:27:15,207
CUST-01187,28/07/2024,London;United Kingdom,Mobile-iOS,Facebook Ads,PURCHASED, $99.13 ,Y,07/28/2024 01:45 AM,382
CUST-00380,10/06/2024,Los Angeles;United States,Tablet-iPadOS,Email Campaign,viewed,NULL,no,2024-10-21 10:28:27,300
 CUST-00681,04/13/2024,Berlin;Germany,desktop-windows,Email Campaign,PURCHASED,USD 225.26,0,2024-04-13T11:37:45,1577
CUST-00529,08-Mar-2024,london;United Kingdom,Desktop-Windows,DIRECT,viewed,NULL,false,03/18/2024 06:46 PM,1662
CUST-00507,08/04/2024,Leeds;United Kingdom,mobile-ios,FACEBOOK ADS,added to cart,N/A,FALSE,2024-04-09T17:53:49,1492
CUST-01225,2024-11-12,Chicago;United States,Tablet-Android,email campaign, Viewed,,no,11/25/2024 02:11 PM,1347
CUST-01092,08/11/2024,Birmingham;United Kingdom,Mobile-Android,DIRECT,viewed,n/a,0,14/11/2024 01:40,876
CUST-01473,08/03/2024,london;United Kingdom,Tablet-Android,DIRECT,Viewed,,N,2024-08-23T21:33:17,1391
CUST-01508,01/26/2024,Paris;France,Desktop-Windows,Google Search,checkout,N/A,,2024-01-31T06:51:34,795
CUST-00673,08-Sep-2024,Leeds;United Kingdom,mobile-ios,facebook ads,purchased, $292.41 ,No,09/27/2024 01:18 PM,1383
CUST-01359,05/28/2024,New York;United States,Desktop-Windows,Referral,ADDED TO CART,N/A,N,11/06/2024 00:14,1756
CUST-00806,2024-04-02,Leeds;United Kingdom,desktop-windows,affiliate ,VIEWED,N/A,false,11/04/2024 05:07,518
CUST-00887,02/09/2024,Toronto;Canada,Tablet-Android,Affiliate,Added to cart ,,no,16/02/2024 22:46,37
CUST-01395,26/11/2024,Manchester;United Kingdom,Tablet-Android,Google  Search, Viewed,n/a,,2024-12-09 15:20:34,1051
CUST-00685,2024-03-23,Birmingham;United Kingdom,MOBILE-ANDROID,DIRECT,Viewed,,0,03/04/2024 07:55,301
CUST-00627,02/20/2024,Los Angeles;United States,mobile-ios,affiliate ,added to cart,N/A,no,2024-02-23T06:30:43,190
CUST-00867,14-Jun-2024,Leeds;United Kingdom,Desktop-macOS,Email Campaign,CHECKOUT,n/a,FALSE,23/06/2024 09:43,300
CUST-00503,01/10/2024,new york;United States,Mobile-Android,email campaign, Viewed,N/A,no,10/05/2024 01:43 PM,153
CUST-01501,05/07/2024,toronto;Canada,Desktop-macOS,Direct, Viewed,n/a,FALSE,05/17/2024 02:48 AM,585
CUST-00748,03-Apr-2024,Chicago;United States,Tablet-iPadOS,referral, Viewed,,0,04/16/2024 05:35 AM,-50
CUST-01311,2024-02-21,Los Angeles;United States,MOBILE-ANDROID,facebook ads, Checkout ,N/A,no,02/03/2024 19:11,1776
CUST-00703,"Jan 05, 2024",Berlin;Germany,Desktop-macOS,email campaign,Viewed,N/A,no,11/01/2024 17:46,59
CUST-00414,12/15/2024,manchester;United Kingdom,Desktop-macOS,Referral,VIEWED,,false,2025-01-04 23:58:09,126
CUST-01382,03/07/2024,Los Angeles;United States,Mobile-Android,Google  Search,PURCHASED, $39.63 ,false,03/23/2024 03:31 AM,670
CUST-00203,01/11/2024,Los Angeles;United States,Desktop-Windows,Referral,Viewed,N/A,No,2024-01-17T21:18:04,1507
CUST-01647,"Jun 01, 2024",Sydney;Australia,Tablet-iPadOS,referral,ADDED TO CART,n/a,,13/06/2024 09:22,589
CUST-00469,"Oct 18, 2024",Birmingham;United Kingdom,Tablet-Android,Google  Search,viewed,,FALSE,2024-10-21 11:12:58,1767
CUST-01458,12-Mar-2024,Los Angeles;United States,Mobile-iOS,Google  Search,Added to Cart,,No,2024-03-26T13:18:07,613
 CUST-01544,2024-07-19,Berlin;Germany,Desktop-Windows,google search,Viewed,NULL,false,08/02/2024 03:46 PM,480
 CUST-01130,03-Mar-2024,Toronto;Canada,mobile-ios,Google Search,Viewed,n/a,false,2024-03-15T11:02:50,590
CUST-01437,2024-07-13,Toronto;Canada,desktop-windows,email campaign,added to cart,NULL,false,2024-07-22T15:56:37,204
CUST-00809,2024-03-24,Dublin;Ireland,desktop-windows,google search, Viewed,n/a,false,11/04/2024 17:06,315
CUST-01268,2024-05-24,Manchester;United Kingdom,Mobile-Android,Referral,Viewed,N/A,0,2024-05-30 06:24:15,643
CUST-00707,"Jul 10, 2024",Birmingham;United Kingdom,Desktop-macOS, Facebook Ads,added to cart,NULL,false,2024-07-18T00:10:48,211
CUST-01396,11/13/2024,London;United Kingdom,Desktop-Windows,Google  Search,CHECKOUT,N/A,No,16/11/2024 06:28,795
CUST-01610,08/16/2024,london;United Kingdom,mobile-ios,email campaign,added to cart,n/a,,2024-08-31T05:31:41,785
CUST-00329,2024-02-27,Leeds;United Kingdom,Mobile-Android,DIRECT,added to cart,N/A,no,2024-03-18T05:37:29,1603
CUST-01160,"Sep 27, 2024",Leeds;United Kingdom,Desktop-macOS,affiliate ,Added to cart ,,FALSE,2024-10-17T22:39:35,1189
CUST-00563,"Jul 21, 2024",New York;United States,desktop-windows,Email  Campaign,Added to cart ,N/A,0,25/07/2024 03:40,1508
CUST-01552,27/08/2024,Berlin;Germany,mobile-ios,affiliate ,ADDED TO CART,,No,2024-09-08 15:16:07,1160
CUST-01523,04/20/2024,Berlin;Germany,Tablet-iPadOS,Referral,Added to cart ,,false,2024-05-02T09:53:13,1264
 CUST-00254,13/08/2024,LONDON;United Kingdom,Tablet-Android,instagram ads,Purchased, $302.58 ,false,2024-08-15T16:01:46,1224
CUST-00230,2024-03-12,new york;United States,MOBILE-ANDROID,Google  Search,added to cart,NULL,,29/03/2024 06:53,863
CUST-00663,21/10/2024,Birmingham;United Kingdom,Tablet-iPadOS,Facebook Ads, Checkout ,,No,2024-11-09 06:59:35,
CUST-00788,13-Aug-2024,manchester;United Kingdom,Tablet-iPadOS,Facebook Ads,Viewed,n/a,no,08/15/2024 01:27 PM,357
CUST-01178,"Apr 04, 2024",Berlin;Germany,Desktop-macOS,google search,Purchased , $50.04 ,Y,07/04/2024 16:28,1500
CUST-01378,12-Jun-2024,Los Angeles;United States,Desktop-Windows,email campaign,Checkout,NULL,no,06/25/2024 08:24 PM,1733
CUST-01601,18/05/2024,Leeds;United Kingdom,Desktop-Windows,referral,purchased,$220.60,false,2024-05-29T19:55:54,1513
CUST-01061,13/10/2024,LONDON;United Kingdom,mobile-ios,affiliate ,VIEWED,NULL,,2024-11-01 07:39:17,291
CUST-01176,08/14/2024,Paris;France,Tablet-Android,Referral,ADDED TO CART,,no,2024-08-23 21:40:27,
CUST-00121,05/13/2024,New York;United States,Mobile-iOS, Facebook Ads,CHECKOUT,,false,06/02/2024 12:47 PM,288
CUST-01786,02/28/2024,Dublin;Ireland,Desktop-Windows,Google Search,added to cart,,N,2024-03-04T09:31:00,-58
CUST-01298,15/08/2024,Dublin;Ireland,Mobile-iOS,Affiliate,Added to cart ,n/a,no,16/08/2024 22:46,1269
CUST-00590,23/10/2024,Chicago;United States,Desktop-macOS,Facebook Ads,added to cart,NULL,,2024-10-30 16:26:47,553
CUST-00251,05-Dec-2024,Birmingham;United Kingdom,Tablet-Android,Google Search,checkout,NULL,no,06/12/2024 04:41,556
CUST-01449,01/28/2024,New York;United States,desktop-windows,DIRECT, Viewed,N/A,no,02/11/2024 11:14 PM,490
CUST-00891,04/09/2024,Melbourne;Australia,mobile-ios,Referral,ADDED TO CART,n/a,,09/14/2024 02:24 AM,1682
CUST-01076,"Sep 04, 2024",Dublin;Ireland,mobile-ios,Google  Search,CHECKOUT,,N,04/09/2024 11:03,951
CUST-00088,2024-03-04,Birmingham;United Kingdom,Desktop-Windows,DIRECT,viewed,NULL,N,24/03/2024 14:22,69
CUST-01588,30-Apr-2024,Dublin;Ireland,Mobile-Android,Google Search,checkout,N/A,no,05/17/2024 10:45 AM,157
CUST-01348,"Feb 10, 2024",Toronto;Canada,Desktop-Windows,Facebook Ads, Viewed,n/a,,29/02/2024 12:23,1182
CUST-00331,02/22/2024,London;United Kingdom,Desktop-Windows,Google  Search,PURCHASED,$351.16,Yes,2024-02-28 14:57:13,-80
CUST-01193,12/21/2024,Sydney;Australia,Tablet-Android,Instagram Ads,checkout,,false,07/01/2025 16:01,1440
CUST-01137,07-Apr-2024,Birmingham;United Kingdom,Mobile-iOS,Email Campaign,added to cart,n/a,No,10/04/2024 13:00,731
CUST-01211,04/12/2024,Leeds;United Kingdom,Mobile-iOS,email campaign,Added to Cart,N/A,No,15/04/2024 00:27,155
CUST-00423,04/30/2024,london;United Kingdom,Mobile-iOS,instagram ads,CHECKOUT,N/A,FALSE,01/05/2024 14:08,709
CUST-01132,"Dec 20, 2024",Chicago;United States,mobile-ios,Instagram Ads, Viewed,NULL,No,2025-01-02T02:15:41,400
CUST-00033,06/10/2024,Berlin;Germany,MOBILE-ANDROID,instagram ads,Purchased , $330.02 ,FALSE,2024-10-18 06:57:49,1372
CUST-01391,27/08/2024,Leeds;United Kingdom,Mobile-Android,direct,Viewed,NULL,0,09/16/2024 11:59 AM,
CUST-00690,"Sep 24, 2024",Chicago;United States,Desktop-Windows,Referral,purchased,USD 54.73,Yes,2024-10-05 00:23:00,121
CUST-01172,05/09/2024,Melbourne;Australia,Mobile-Android,google search,Checkout,NULL,FALSE,06/09/2024 06:04,1147
CUST-01636,2024-03-05,Berlin;Germany,Desktop-macOS,Direct,Added to cart ,N/A,N,16/03/2024 11:31,1652
CUST-01082,24-Sep-2024,Birmingham;United Kingdom,desktop-windows,Facebook Ads,CHECKOUT,N/A,N,2024-10-11T14:01:09,256
CUST-01399,26/09/2024,Leeds;United Kingdom,Tablet-iPadOS,referral, Viewed,,no,10/10/2024 05:08 AM,802
CUST-01700,"May 27, 2024",Chicago;United States,MOBILE-ANDROID, Facebook Ads,Added to Cart,n/a,No,06/04/2024 12:21 PM,1099
CUST-00269,03/05/2024,New York;United States,MOBILE-ANDROID,Instagram Ads,VIEWED,N/A,,2024-05-05 15:39:47,1373
CUST-00630,2024-08-23,london;United Kingdom,Desktop-Windows, Facebook Ads,Purchased ,$315.41,TRUE,2024-09-06 10:58:43,1166
CUST-01327,01/02/2024,New York;United States,Tablet-Android,email campaign,VIEWED,NULL,false,01/23/2024 12:41 AM,585
CUST-00921,27-Jul-2024,new york;United States,MOBILE-ANDROID,Referral,Purchased ,USD 98.73,Yes,2024-08-04T15:11:32,525
CUST-01145,2024-08-07,LONDON;United Kingdom,Desktop-macOS,email campaign,Checkout,NULL,FALSE,08/11/2024 09:44 PM,1663
CUST-01038,18-Dec-2024,Los Angeles;United States,Mobile-Android,DIRECT,Viewed,n/a,No,2025-01-06T14:45:52,300
CUST-00783,"Jul 21, 2024",Los Angeles;United States,Tablet-Android,Email Campaign,Added to cart ,N/A,,08/01/2024 07:50 PM,123
CUST-01167,01-Sep-2024,Toronto;Canada,Desktop-macOS,Instagram Ads,Viewed,N/A,no,09/15/2024 02:11 PM,369
CUST-01232,"Aug 20, 2024",Manchester;United Kingdom,Tablet-iPadOS,instagram ads,Viewed,NULL,,2024-08-31 23:56:37,1733
CUST-00548,2024-03-04,manchester;United Kingdom,Desktop-Windows,Instagram Ads,purchased,248.35,1,2024-03-18T17:44:46,903
CUST-00915,2024-09-23,manchester;United Kingdom,Tablet-iPadOS,Referral,VIEWED,,FALSE,2024-10-11 03:26:25,518
 CUST-00782,11/28/2024,Berlin;Germany,mobile-ios,FACEBOOK ADS,Viewed,n/a,FALSE,2024-12-03 11:05:42,1457
CUST-01016,20-Dec-2024,Toronto;Canada,mobile-ios,Instagram Ads, Viewed,,,2025-01-07 09:33:04,633
CUST-00899,2024-12-18,toronto;Canada,Desktop-macOS,google search, Viewed,n/a,FALSE,12/24/2024 10:19 PM,871
CUST-00291,17-Oct-2024,Toronto;Canada,Desktop-macOS,DIRECT,added to cart,,FALSE,2024-10-20T13:47:41,766
CUST-00167,2024-02-15,Chicago;United States,Desktop-macOS,Email Campaign,added to cart,N/A,N,2024-02-26 10:43:45,734
CUST-01526,01/26/2024,Berlin;Germany,Mobile-Android,FACEBOOK ADS,VIEWED,,false,2024-02-10 03:09:04,1712
CUST-01541,2024-02-07,Melbourne;Australia,Mobile-Android,Direct,added to cart,,,02/10/2024 09:35 AM,205
CUST-00183,2024-10-08,Melbourne;Australia,Mobile-Android,Google Search,checkout,N/A,No,2024-10-25T22:05:48,1335
CUST-00192,"Dec 25, 2024",london;United Kingdom,mobile-ios,email campaign,viewed,,0,12/28/2024 08:51 PM,669
CUST-01444,2024-12-27,toronto;Canada,Mobile-iOS,facebook ads, Checkout ,n/a,false,01/11/2025 12:08 AM,
CUST-00811,2024-06-25,Toronto;Canada,Mobile-Android,google search,purchased,£63.27,no,2024-07-01 17:22:15,1028
CUST-01755,06/30/2024,Chicago;United States,Tablet-iPadOS,Google Search,viewed,NULL,no,2024-07-14T16:11:22,946
CUST-00442,01/25/2024,new york;United States,Desktop-macOS,google search,Added to Cart,,no,2024-02-03 04:39:36,473
CUST-00271,2024-09-01,Paris;France,Desktop-macOS,Direct,viewed,NULL,N,2024-09-16T16:41:19,
CUST-00528,2024-12-03,Dublin;Ireland,desktop-windows,email campaign,ADDED TO CART,NULL,0,12/04/2024 05:47 PM,1450
CUST-00995,24-Jun-2024,Toronto;Canada,Mobile-Android,Instagram Ads,Viewed,NULL,no,2024-07-02 14:17:14,553
 CUST-01221,12-Nov-2024,Birmingham;United Kingdom,Mobile-Android,DIRECT,Purchased ,USD 417.21,yes,11/14/2024 08:54 PM,57
CUST-01068,2024-01-07,Paris;France,Mobile-Android,Direct,Added to Cart,NULL,no,01/10/2024 05:18 PM,751
CUST-00624,2024-06-26,London;United Kingdom,Tablet-iPadOS,Google Search,checkout,n/a,0,2024-07-02 13:30:02,
CUST-00390,13-Oct-2024,Dublin;Ireland,Tablet-Android, Facebook Ads,Added to Cart,N/A,N,10/24/2024 03:20 AM,1688
CUST-00352,2024-03-03,manchester;United Kingdom,desktop-windows,affiliate ,viewed,,false,03/07/2024 02:22 AM,170
CUST-01667,2024-12-31,Manchester;United Kingdom,Tablet-iPadOS,Facebook Ads,Added to Cart,,N,01/10/2025 09:39 AM,1748
CUST-00993,30/10/2024,manchester;United Kingdom,Desktop-macOS,Email Campaign,CHECKOUT,NULL,,18/11/2024 01:20,1187
CUST-01121,07/04/2024,toronto;Canada,mobile-ios,direct,Viewed,,no,27/04/2024 19:42,1377
CUST-00892,16/06/2024,Paris;France,Desktop-Windows,Instagram Ads,PURCHASED,423.87,false,2024-06-25 10:10:36,1782
CUST-00661,04/05/2024,Melbourne;Australia,Desktop-macOS, Facebook Ads, Viewed,NULL,no,05/06/2024 05:10 AM,756
CUST-00410,02/05/2024,Leeds;United Kingdom,Mobile-iOS,Instagram Ads,VIEWED,NULL,0,2024-05-14T02:08:04,428
CUST-00293,26-Feb-2024,LONDON;United Kingdom,Mobile-iOS,Google Search,purchased,USD 57.96,0,2024-03-11T03:30:16,539
CUST-00653,22/09/2024,toronto;Canada,Tablet-iPadOS,Instagram Ads,CHECKOUT,,No,10/08/2024 07:28 PM,1275
CUST-01727,2024-10-27,new york;United States,mobile-ios,Google Search,VIEWED,n/a,0,2024-11-02 21:42:46,775
CUST-01708,2024-09-30,Sydney;Australia,Mobile-iOS,FACEBOOK ADS,VIEWED,NULL,FALSE,04/10/2024 05:27,563
CUST-00976,"Mar 12, 2024",manchester;United Kingdom,mobile-ios,Email  Campaign,Added to cart ,NULL,0,2024-04-01 06:40:50,1247
CUST-00071,27-Oct-2024,Chicago;United States,Mobile-Android,direct,Added to cart ,,no,11/09/2024 03:26 PM,450
CUST-01206,15-Jun-2024,New York;United States,desktop-windows,email campaign,added to cart,N/A,no,2024-06-15T16:33:26,603
CUST-00572,2024-04-30,Leeds;United Kingdom,Mobile-iOS,Email  Campaign,viewed,,N,05/19/2024 11:10 PM,1609
CUST-01177,2024-09-16,Chicago;United States,MOBILE-ANDROID,DIRECT,added to cart,NULL,0,30/09/2024 00:43,1532
CUST-00426,"Aug 11, 2024",london;United Kingdom,Tablet-iPadOS,Email  Campaign, Viewed,NULL,0,13/08/2024 13:13,1793
CUST-01777,04-Oct-2024,Manchester;United Kingdom,Mobile-Android,FACEBOOK ADS,added to cart,,0,2024-10-10 02:50:17,671
CUST-00107,"Sep 12, 2024",Berlin;Germany,Desktop-Windows,Referral,Added to cart ,N/A,No,09/25/2024 04:44 AM,1238
CUST-01608,14/04/2024,Toronto;Canada,desktop-windows,affiliate ,CHECKOUT,n/a,,2024-05-03 19:20:35,851
CUST-01384,04/03/2024,Leeds;United Kingdom,Desktop-macOS,Referral,Added to cart ,NULL,FALSE,2024-03-25 04:09:38,1596
CUST-00922,12/27/2024,Berlin;Germany,Mobile-iOS, Facebook Ads,purchased,USD 265.83,true,01/01/2025 22:17,526
CUST-00470,2024-05-20,Dublin;Ireland,Desktop-Windows,Affiliate,Viewed,NULL,false,2024-06-03 14:59:06,1744
CUST-00943,2024-09-08,manchester;United Kingdom,mobile-ios,Email Campaign,ADDED TO CART,NULL,0,2024-09-09T15:00:48,115
CUST-00593,20/06/2024,Melbourne;Australia,desktop-windows,Email  Campaign,Added to cart ,NULL,no,2024-07-08T04:07:40,1770
CUST-00229,08/30/2024,Melbourne;Australia,Mobile-Android, Facebook Ads,viewed,,no,09/07/2024 12:55 PM,232
CUST-00701,28-Mar-2024,toronto;Canada,mobile-ios,Affiliate, Viewed,n/a,false,04/14/2024 08:20 AM,1046
CUST-01643,2024-04-19,Leeds;United Kingdom,Desktop-macOS, Facebook Ads,VIEWED,n/a,false,24/04/2024 23:31,645
CUST-00534,22-Sep-2024,Manchester;United Kingdom,MOBILE-ANDROID, Facebook Ads,added to cart,,FALSE,10/02/2024 09:17 AM,437
CUST-00421,31/12/2024,new york;United States,Desktop-Windows,Referral,purchased,447.92,No,09/01/2025 05:23,609
CUST-01125,"Dec 11, 2024",Chicago;United States,Tablet-iPadOS,Direct,VIEWED,n/a,No,19/12/2024 01:46,1770
CUST-01582,09/23/2024,Berlin;Germany,Desktop-Windows,affiliate ,Viewed,n/a,No,13/10/2024 19:53,586
CUST-00753,02/21/2024,Los Angeles;United States,Mobile-Android,direct,VIEWED,N/A,false,2024-02-23T07:54:48,
CUST-01522,2024-07-18,london;United Kingdom,Mobile-iOS,DIRECT,viewed,,N,04/08/2024 22:13,411
CUST-00997,27-Feb-2024,Berlin;Germany,mobile-ios,facebook ads,ADDED TO CART,N/A,no,2024-03-15 15:31:14,822
CUST-00850,"Jul 21, 2024",New York;United States,Desktop-macOS,direct,Viewed,N/A,false,2024-08-04T12:02:46,1557
CUST-01374,17/08/2024,toronto;Canada,Tablet-Android,Direct,Added to Cart,NULL,No,2024-08-17T21:12:58,32
CUST-01212,25-Nov-2024,Birmingham;United Kingdom,desktop-windows,facebook ads,added to cart,,no,12/12/2024 16:58,34
CUST-01235,03/26/2024,LONDON;United Kingdom,mobile-ios,Instagram Ads,Viewed,n/a,0,04/04/2024 21:26,-98
CUST-00024,2024-10-01,Manchester;United Kingdom,Desktop-Windows,google search,VIEWED,,N,2024-10-14T05:03:24,908
CUST-00459,15-Apr-2024,Melbourne;Australia,Mobile-Android,Affiliate, Viewed,,0,2024-05-03 17:55:50,64
CUST-01210,27/04/2024,Toronto;Canada,mobile-ios,Email Campaign,ADDED TO CART,,,2024-05-14T09:19:48,1453
CUST-01418,"Mar 20, 2024",toronto;Canada,Mobile-Android,Google Search,Purchased,USD 422.01,yes,2024-04-04 17:36:54,219
CUST-01443,06/03/2024,Melbourne;Australia,Mobile-iOS,direct,Viewed,N/A,,12/06/2024 07:41,162
CUST-00802,"May 24, 2024",Melbourne;Australia,MOBILE-ANDROID,Referral,VIEWED,NULL,0,13/06/2024 12:25,473
CUST-00825,2024-06-29,Chicago;United States,Tablet-iPadOS,Email Campaign,Added to cart ,N/A,0,2024-07-09 14:51:35,708
CUST-01560,29/10/2024,manchester;United Kingdom,desktop-windows,DIRECT,added to cart,N/A,no,15/11/2024 11:39,1153
CUST-00824,"Apr 11, 2024",toronto;Canada,mobile-ios,Email Campaign,VIEWED,N/A,No,2024-04-21T09:47:21,342
CUST-01299,25/02/2024,New York;United States,mobile-ios,DIRECT, Viewed,N/A,FALSE,2024-03-15 05:58:38,1698
CUST-00129,"Aug 06, 2024",london;United Kingdom,Desktop-macOS,Direct,VIEWED,NULL,0,08/10/2024 12:14 AM,984
CUST-00063,"Jan 20, 2024",Manchester;United Kingdom,Mobile-Android,Instagram Ads,viewed,NULL,0,2024-01-28T08:04:53,864
 CUST-01251,01/01/2024,London;United Kingdom,Mobile-iOS,Facebook Ads,added to cart,n/a,false,2024-01-16T12:34:40,1268
CUST-00482,24-Jan-2024,Leeds;United Kingdom,Tablet-Android,Email Campaign,VIEWED,N/A,N,02/07/2024 08:25 AM,1211
cust-00851,"Sep 15, 2024",manchester;United Kingdom,Mobile-Android,Email Campaign,Checkout,N/A,N,2024-09-15 11:55:29,1710
CUST-01207,22-Feb-2024,london;United Kingdom,Mobile-iOS,Instagram Ads,Added to Cart,,false,2024-03-09T20:03:07,308
CUST-00366,12/04/2024,LONDON;United Kingdom,Tablet-iPadOS,affiliate ,added to cart,N/A,FALSE,22/04/2024 05:40,1489
CUST-01135,2024-07-22,Berlin;Germany,mobile-ios,facebook ads,CHECKOUT,N/A,FALSE,2024-08-08T08:15:48,1245
CUST-00348,"Sep 10, 2024",New York;United States,Tablet-iPadOS,google search,ADDED TO CART,,false,2024-09-16 06:02:05,990
 CUST-01475,16-Jun-2024,Leeds;United Kingdom,Desktop-macOS,affiliate ,Viewed,,no,2024-06-18 04:39:47,941
CUST-00339,11-Jun-2024,Los Angeles;United States,desktop-windows,Email  Campaign,Viewed,NULL,,06/14/2024 03:54 AM,123
CUST-00261,"Oct 09, 2024",Birmingham;United Kingdom,Desktop-macOS,Affiliate,VIEWED,n/a,FALSE,2024-10-17T04:18:00,1365
CUST-01226,11-Jul-2024,Berlin;Germany,mobile-ios,Email  Campaign,Added to Cart,NULL,no,2024-07-16T14:42:59,1366
CUST-00038,09/24/2024,Dublin;Ireland,Tablet-iPadOS,DIRECT,ADDED TO CART,n/a,,2024-09-30 04:40:56,1551
CUST-00731,"Sep 21, 2024",Birmingham;United Kingdom,Desktop-macOS,Google Search,VIEWED,n/a,0,2024-10-10T01:46:34,1002
CUST-00660,09-Feb-2024,Paris;France,Tablet-Android,direct,Checkout,NULL,false,2024-02-20T12:10:36,1193
CUST-00512,2024-12-18,toronto;Canada,desktop-windows,Instagram Ads,Checkout,N/A,no,2024-12-31T10:24:18,521
CUST-01254,2024-07-17,london;United Kingdom,Mobile-iOS,affiliate ,added to cart,NULL,N,2024-08-05 07:55:05,927
CUST-00133,28/08/2024,Toronto;Canada,Desktop-macOS,direct,added to cart,,no,2024-09-09T06:39:33,486
CUST-01589,04-Apr-2024,LONDON;United Kingdom,Desktop-Windows,Referral,viewed,,,19/04/2024 11:44,91
CUST-00198,2024-05-17,manchester;United Kingdom,Mobile-Android,FACEBOOK ADS, Viewed,N/A,FALSE,2024-05-19T03:32:36,1111
CUST-00178,10/04/2024,manchester;United Kingdom,Mobile-iOS,direct,Added to Cart,n/a,N,2024-04-26T23:53:58,227
CUST-00436,12/19/2024,LONDON;United Kingdom,mobile-ios,Google Search,purchased,£388.67,No,02/01/2025 10:22,1632
CUST-01292,"Jun 13, 2024",london;United Kingdom,Tablet-iPadOS,referral, Viewed,NULL,false,06/20/2024 07:58 PM,172
CUST-00827,12/18/2024,Berlin;Germany,Desktop-Windows,Affiliate,added to cart,N/A,no,04/01/2025 00:29,1680
CUST-00492,2024-12-03,Melbourne;Australia,Mobile-iOS,Email  Campaign, Checkout ,NULL,No,06/12/2024 03:05,155
CUST-00378,12-Nov-2024,Los Angeles;United States,mobile-ios,google search,viewed,N/A,No,2024-11-14 16:51:15,917
CUST-00855,26/12/2024,Sydney;Australia,Mobile-Android,Facebook Ads,Viewed,NULL,N,06/01/2025 09:25,809
CUST-01356,12/09/2024,Birmingham;United Kingdom,mobile-ios,Email Campaign,VIEWED,N/A,N,20/12/2024 14:58,78
CUST-00884,"Nov 06, 2024",new york;United States,Tablet-Android,direct,added to cart,,No,11/08/2024 10:01 AM,859
CUST-00649,"Dec 27, 2024",new york;United States,Mobile-Android,Google  Search,viewed,n/a,false,08/01/2025 17:38,1628
CUST-00654,08-May-2024,London;United Kingdom,Mobile-Android,Email Campaign,VIEWED,n/a,,2024-05-12T18:46:34,970
CUST-00273,18-Aug-2024,manchester;United Kingdom,MOBILE-ANDROID, Facebook Ads,viewed,NULL,,26/08/2024 09:32,321
CUST-01607,"Jul 02, 2024",Chicago;United States,Mobile-iOS,email campaign,Added to cart ,,false,2024-07-04T16:14:57,1167
CUST-00234,01-Apr-2024,Chicago;United States,Mobile-Android,Email  Campaign, Viewed,n/a,,2024-04-10 18:20:46,
CUST-01735,12/10/2024,toronto;Canada,Tablet-iPadOS,google search, Checkout ,N/A,,2024-10-12 19:31:34,609
CUST-01550,"May 04, 2024",Dublin;Ireland,MOBILE-ANDROID,instagram ads,Added to cart ,n/a,,2024-05-15 15:47:29,1633
CUST-01366,01/07/2024,Los Angeles;United States,Mobile-Android,Affiliate,checkout,N/A,N,2024-01-24 14:20:26,821
CUST-01355,2024-05-25,Leeds;United Kingdom,Desktop-Windows, Facebook Ads,Added to cart ,n/a,No,2024-06-14T01:32:07,1121
cust-01360,"Sep 11, 2024",Leeds;United Kingdom,mobile-ios,FACEBOOK ADS,Added to Cart,N/A,0,13/09/2024 13:50,698
CUST-01117,06/02/2024,LONDON;United Kingdom,desktop-windows,FACEBOOK ADS,checkout,N/A,N,2024-02-26 03:50:03,1534
CUST-00978,"Apr 13, 2024",Manchester;United Kingdom,Tablet-iPadOS,Affiliate, Viewed,,No,01/05/2024 14:33,349
CUST-00449,2024-06-03,Dublin;Ireland,Desktop-macOS,Direct,viewed,n/a,No,06/05/2024 02:04 AM,342
CUST-00276,28/11/2024,Los Angeles;United States,Desktop-macOS,email campaign, Viewed,NULL,N,12/06/2024 10:36 PM,1793
CUST-01250,09/27/2024,new york;United States,desktop-windows,google search,added to cart,,No,2024-10-01T20:56:08,1789
CUST-00575,2024-06-21,Los Angeles;United States,Mobile-Android,Google Search,added to cart,N/A,N,2024-06-30T02:09:52,1149
CUST-00832,"Apr 11, 2024",Los Angeles;United States,mobile-ios,affiliate ,Added to Cart,,,2024-04-18T21:05:00,1490
CUST-00495,01-Jun-2024,Birmingham;United Kingdom,desktop-windows,Instagram Ads,Added to cart ,NULL,0,21/06/2024 00:14,1445
CUST-01479,13-Feb-2024,Dublin;Ireland,MOBILE-ANDROID,Facebook Ads,Added to cart ,,false,2024-02-18T19:21:30,1382
CUST-00007,"Jul 14, 2024",Paris;France,Desktop-Windows,Affiliate,Viewed,,false,08/02/2024 06:41 PM,616
CUST-01670,2024-10-31,Berlin;Germany,Mobile-iOS,DIRECT,added to cart,n/a,,02/11/2024 09:50,233
CUST-00250,08-Feb-2024,London;United Kingdom,desktop-windows,affiliate ,Purchased ,£299.45,Yes,02/27/2024 12:40 AM,200
 CUST-01291,17-Dec-2024,manchester;United Kingdom,Tablet-iPadOS,Google  Search,Viewed,n/a,FALSE,2025-01-05T00:06:30,33
CUST-00898,2024-07-19,new york;United States,Desktop-Windows,referral,added to cart,,0,08/01/2024 03:51 PM,1069
CUST-01017,11-Feb-2024,Chicago;United States,Mobile-Android,DIRECT,added to cart,N/A,,2024-02-27 08:51:00,1197
cust-00757,"Apr 24, 2024",LONDON;United Kingdom,Mobile-Android,Referral, Checkout ,N/A,,2024-05-06 23:21:14,541
CUST-01460,18/01/2024,New York;United States,MOBILE-ANDROID,instagram ads,viewed,NULL,false,2024-01-27T00:57:36,1419
CUST-00542,14-Mar-2024,new york;United States,Mobile-iOS,Email  Campaign,viewed,NULL,false,24/03/2024 07:47,974
CUST-01740,06/26/2024,Leeds;United Kingdom,MOBILE-ANDROID,Referral, Viewed,N/A,N,11/07/2024 01:36,1156
CUST-01030,05-Oct-2024,Manchester;United Kingdom,Desktop-macOS,DIRECT,Added to Cart,n/a,false,2024-10-06T07:28:40,851
CUST-01326,01/10/2024,toronto;Canada,mobile-ios,direct,Viewed,n/a,false,11/10/2024 12:27,1461
CUST-01267,2024-02-26,Chicago;United States,desktop-windows,instagram ads,VIEWED,N/A,no,02/03/2024 16:29,-52
CUST-01321,2024-06-30,Chicago;United States,MOBILE-ANDROID,DIRECT,Purchased ,£301.68,No,18/07/2024 12:22,1331
CUST-00720,"Jun 10, 2024",London;United Kingdom,mobile-ios,affiliate ,Purchased,341.85,0,2024-06-15T16:26:18,1258
CUST-01528,16/09/2024,Toronto;Canada,Tablet-iPadOS,FACEBOOK ADS,Viewed,n/a,FALSE,2024-09-25T08:13:07,802
CUST-00438,2024-06-19,Sydney;Australia,desktop-windows,Referral,VIEWED,,0,2024-06-27T12:17:12,1404
CUST-00971,"Jul 14, 2024",Toronto;Canada,desktop-windows,FACEBOOK ADS,viewed,,FALSE,2024-07-25T02:51:32,313
CUST-01616,11/09/2024,New York;United States,Desktop-Windows,referral,viewed,n/a,,2024-11-13T10:55:32,1706
CUST-01149,"Nov 04, 2024",Chicago;United States,Desktop-Windows,Google  Search,ADDED TO CART,N/A,No,06/11/2024 18:20,156
CUST-00493,15/04/2024,Los Angeles;United States,desktop-windows,Referral,ADDED TO CART,N/A,FALSE,2024-04-30T10:43:50,
CUST-00767,"May 21, 2024",Manchester;United Kingdom,mobile-ios,Google  Search,ADDED TO CART,,false,05/23/2024 05:06 PM,1240
CUST-00454,27/09/2024,Melbourne;Australia,Tablet-iPadOS,facebook ads,VIEWED,,FALSE,2024-10-15T08:17:54,608
CUST-00130,"Dec 28, 2024",london;United Kingdom,Tablet-Android,direct,viewed,NULL,No,02/01/2025 15:15,936
CUST-01333,08/31/2024,LONDON;United Kingdom,Mobile-iOS,referral,Added to cart ,n/a,No,09/11/2024 01:55 PM,110
CUST-01703,04-Dec-2024,Berlin;Germany,Tablet-Android,Referral,Added to cart ,N/A,,2024-12-21 04:47:44,649
CUST-01440,04/11/2024,LONDON;United Kingdom,Mobile-Android,instagram ads, Viewed,NULL,FALSE,04/28/2024 06:25 PM,1424
CUST-00853,2024-12-13,Berlin;Germany,Desktop-macOS,Email  Campaign,Added to cart ,,0,12/28/2024 09:53 AM,70
CUST-00443,30-Jun-2024,new york;United States,mobile-ios,referral,Viewed,,0,2024-07-17T02:41:57,231
CUST-01063,28-Oct-2024,london;United Kingdom,Tablet-iPadOS,Affiliate,added to cart,n/a,no,17/11/2024 19:02,1156
CUST-01085,2024-09-15,manchester;United Kingdom,mobile-ios,Email  Campaign,Checkout,,false,23/09/2024 16:36,854
CUST-00164,2024-12-15,Manchester;United Kingdom,Tablet-iPadOS,Facebook Ads,Added to cart ,NULL,N,2025-01-04T11:45:45,285
CUST-01451,"Nov 13, 2024",Los Angeles;United States,Mobile-Android,instagram ads,added to cart,N/A,0,12/01/2024 05:09 PM,1607
CUST-01124,13/04/2024,LONDON;United Kingdom,Mobile-Android,Email  Campaign, Viewed,NULL,N,04/21/2024 12:15 AM,1505
CUST-01332,"Apr 26, 2024",new york;United States,desktop-windows,affiliate ,Purchased ,$304.65,0,2024-05-11 07:01:43,1520
CUST-01517,"Aug 04, 2024",manchester;United Kingdom,Tablet-Android,Email  Campaign,added to cart,N/A,no,2024-08-07T20:54:40,973
CUST-01265,2024-03-07,Melbourne;Australia,desktop-windows,Affiliate,ADDED TO CART,n/a,0,2024-03-17 09:03:03,1323
 CUST-00812,08/01/2024,new york;United States,MOBILE-ANDROID,referral,Added to Cart,NULL,no,20/08/2024 13:09,642
CUST-00094,04/12/2024,Los Angeles;United States,Tablet-Android,Direct, Viewed,n/a,N,28/04/2024 02:31,112
CUST-01203,04/14/2024,Manchester;United Kingdom,Mobile-iOS,Instagram Ads,CHECKOUT,N/A,FALSE,2024-04-27 07:34:23,717
 CUST-01029,31-Jan-2024,Manchester;United Kingdom,Mobile-iOS,Google  Search,Added to cart ,N/A,N,2024-02-09T18:18:53,1016
CUST-00872,17/12/2024,london;United Kingdom,Mobile-iOS,Facebook Ads,ADDED TO CART,n/a,0,22/12/2024 18:24,1554
CUST-00632,"Jan 13, 2024",toronto;Canada,Mobile-iOS, Facebook Ads,added to cart,N/A,,01/31/2024 08:24 PM,1774
CUST-00172,05/22/2024,LONDON;United Kingdom,Tablet-Android,Google  Search,viewed,n/a,0,2024-06-03 15:02:37,1748
 CUST-01447,2024-11-10,Manchester;United Kingdom,MOBILE-ANDROID,instagram ads,checkout,N/A,false,11/13/2024 06:41 PM,254
CUST-00498,2024-08-24,Dublin;Ireland,MOBILE-ANDROID,DIRECT,added to cart,N/A,,2024-08-24 11:29:03,1533
CUST-01262,"May 12, 2024",london;United Kingdom,Desktop-Windows,google search, Viewed,NULL,No,05/30/2024 03:21 PM,234
CUST-01772,01/09/2024,Leeds;United Kingdom,Mobile-Android,facebook ads,Purchased ,£427.68,0,09/19/2024 10:39 AM,158
CUST-01342,19-Sep-2024,london;United Kingdom,Tablet-Android,FACEBOOK ADS,Purchased ,254.37,FALSE,2024-09-26 21:54:17,
CUST-00046,03/04/2024,toronto;Canada,Desktop-Windows,referral, Checkout ,n/a,FALSE,2024-03-10 01:03:53,1727
CUST-00158,18-Sep-2024,Manchester;United Kingdom,Desktop-Windows,Affiliate,VIEWED,,,2024-10-03T12:07:18,224
CUST-01746,02/22/2024,LONDON;United Kingdom,Desktop-macOS,referral,Viewed,n/a,N,12/03/2024 22:42,39
CUST-01285,02/11/2024,New York;United States,desktop-windows,Facebook Ads,Added to cart ,n/a,,2024-11-08T15:48:56,90
CUST-01551,03-Jul-2024,Birmingham;United Kingdom,Tablet-Android,instagram ads,Checkout,NULL,No,09/07/2024 00:09,1568
CUST-01079,"May 17, 2024",london;United Kingdom,Tablet-Android,Facebook Ads,added to cart,NULL,0,29/05/2024 14:31,1109
CUST-00546,27/02/2024,Dublin;Ireland,Mobile-Android,Email Campaign,Purchased ,109.60,false,2024-03-09 11:18:16,1752
CUST-01788,13-Oct-2024,Manchester;United Kingdom,desktop-windows,Direct, Checkout ,NULL,,2024-10-24T22:05:49,524
CUST-01055,21-Feb-2024,new york;United States,Desktop-macOS,Email  Campaign, Viewed,NULL,N,2024-02-22 19:44:18,631
CUST-01368,"Jul 14, 2024",Leeds;United Kingdom,MOBILE-ANDROID,Instagram Ads,purchased, $278.13 ,Y,2024-07-25 03:17:05,1013
CUST-01200,10/31/2024,Manchester;United Kingdom,Tablet-Android,Email  Campaign,Added to Cart,N/A,0,11/17/2024 12:14 PM,450
CUST-00180,"Oct 17, 2024",manchester;United Kingdom,MOBILE-ANDROID,Email Campaign,CHECKOUT,n/a,0,22/10/2024 21:16,1612
CUST-01089,13-Aug-2024,manchester;United Kingdom,MOBILE-ANDROID,facebook ads,PURCHASED,$311.01,no,2024-09-01 08:56:18,654
CUST-00780,30-Apr-2024,Toronto;Canada,Mobile-Android,Google Search,added to cart,N/A,N,2024-05-20T00:39:23,1707
CUST-01529,"Sep 15, 2024",Los Angeles;United States,MOBILE-ANDROID,Google Search, Checkout ,N/A,,2024-09-29T15:02:34,1076
CUST-00621,"Oct 06, 2024",new york;United States,Desktop-macOS,DIRECT, Checkout ,,no,2024-10-21 00:22:10,466
CUST-01105,02/10/2024,london;United Kingdom,mobile-ios,affiliate ,viewed,N/A,,10/07/2024 02:16 AM,46
CUST-01042,2024-05-12,Sydney;Australia,Tablet-iPadOS,email campaign,checkout,NULL,FALSE,05/14/2024 02:39 PM,1342
CUST-00400,2024-11-15,Paris;France,Tablet-iPadOS,DIRECT,Added to cart ,n/a,FALSE,2024-11-22 10:30:26,896
 CUST-01335,03/06/2024,manchester;United Kingdom,Mobile-Android,DIRECT,Added to cart ,,FALSE,2024-06-22T06:47:22,848
CUST-00956,27/02/2024,Paris;France,Mobile-iOS,Instagram Ads,VIEWED,NULL,false,2024-03-13T19:00:55,1235
CUST-00951,28-May-2024,Paris;France,Tablet-Android,Facebook Ads,Viewed,n/a,No,09/06/2024 14:40,1500
CUST-00043,28/01/2024,Los Angeles;United States,Mobile-Android,Instagram Ads,added to cart,NULL,0,2024-02-16T14:31:27,893
CUST-00018,02/05/2024,Los Angeles;United States,mobile-ios,DIRECT,VIEWED,,false,02/22/2024 06:53 PM,290
CUST-00875,16/08/2024,Manchester;United Kingdom,Mobile-Android,direct, Viewed,N/A,false,2024-09-04T05:46:09,62
CUST-01297,2024-01-21,london;United Kingdom,Desktop-Windows,affiliate ,checkout,n/a,no,29/01/2024 12:28,917
CUST-01288,16/03/2024,Dublin;Ireland,Tablet-Android,Email Campaign, Viewed,NULL,0,22/03/2024 00:24,-84
CUST-00722,12/06/2024,Paris;France,Tablet-Android,Affiliate,Added to cart ,NULL,no,2024-12-24T13:03:04,834
CUST-01313,16/04/2024,Dublin;Ireland,desktop-windows,Email  Campaign,Added to Cart,N/A,no,04/26/2024 07:32 AM,1079
CUST-00679,26-Sep-2024,toronto;Canada,Tablet-iPadOS,facebook ads,purchased,$29.69,0,2024-10-10T02:43:57,567
CUST-01281,27-Feb-2024,New York;United States,mobile-ios,Email Campaign,Purchased,$19.45,FALSE,2024-03-16 04:34:25,483
CUST-00078,2024-12-19,Sydney;Australia,Mobile-Android,Instagram Ads,PURCHASED,£339.43,Yes,2024-12-21 04:10:28,1604
CUST-00143,2024-02-22,Toronto;Canada,Tablet-Android,FACEBOOK ADS,VIEWED,NULL,N,2024-02-28T05:57:22,1160
CUST-00347,"Oct 29, 2024",Toronto;Canada,mobile-ios,instagram ads,viewed,NULL,No,2024-11-15 06:30:09,312
CUST-00933,04/01/2024,Sydney;Australia,Desktop-macOS, Facebook Ads,ADDED TO CART,,0,01/19/2024 01:49 PM,1154
CUST-01363,13-Jun-2024,LONDON;United Kingdom,Tablet-iPadOS,facebook ads,VIEWED,,0,27/06/2024 21:46,1117
CUST-01558,06/11/2024,Sydney;Australia,mobile-ios,direct,Checkout,n/a,FALSE,2024-06-14T05:19:01,
CUST-00565,25/11/2024,New York;United States,Mobile-Android,instagram ads,Added to Cart,,,11/27/2024 07:35 AM,300
CUST-01753,2024-10-14,Los Angeles;United States,Mobile-iOS,email campaign,viewed,N/A,no,2024-10-28 12:03:52,19
CUST-00170,12-Sep-2024,LONDON;United Kingdom,Tablet-Android,Facebook Ads,VIEWED,N/A,0,2024-10-01T07:13:54,1577
CUST-01591,"Aug 28, 2024",Paris;France,Desktop-macOS,facebook ads, Viewed,n/a,no,2024-09-16T16:45:56,1508
CUST-01278,09/04/2024,toronto;Canada,mobile-ios,google search,Viewed,NULL,FALSE,2024-04-09T23:54:48,1144
CUST-01094,"Nov 18, 2024",manchester;United Kingdom,Tablet-Android,facebook ads,CHECKOUT,,0,2024-11-26T02:50:48,760
CUST-00304,06/05/2024,Melbourne;Australia,mobile-ios,DIRECT,added to cart,n/a,No,2024-06-21 09:09:44,1286
CUST-01357,06-Aug-2024,Manchester;United Kingdom,Desktop-Windows,Affiliate, Viewed,N/A,FALSE,2024-08-26 16:35:12,838
CUST-00726,05/11/2024,New York;United States,Tablet-iPadOS,FACEBOOK ADS, Checkout ,NULL,N,2024-11-22T04:03:38,1115
CUST-00334,26/08/2024,LONDON;United Kingdom,Tablet-iPadOS, Facebook Ads,Added to cart ,NULL,No,16/09/2024 01:40,543
CUST-01540,02/24/2024,Chicago;United States,Tablet-iPadOS,Referral, Checkout ,NULL,no,24/02/2024 16:56,1534
CUST-01564,2024-12-15,Melbourne;Australia,mobile-ios,Direct,VIEWED,,0,20/12/2024 10:16,304
CUST-00950,05/04/2024,Toronto;Canada,Desktop-macOS,Affiliate,VIEWED,N/A,,2024-04-25 00:40:58,645
CUST-01004,03-Sep-2024,Leeds;United Kingdom,desktop-windows,Affiliate,Viewed,n/a,no,2024-09-09T02:13:48,1482
CUST-00411,12-May-2024,Birmingham;United Kingdom,Mobile-iOS,Referral,Viewed,,no,05/25/2024 06:06 AM,848
CUST-01562,06/05/2024,Berlin;Germany,Desktop-macOS,Email  Campaign,Added to Cart,,false,05/13/2024 10:17 AM,1302
CUST-01108,21/07/2024,New York;United States,desktop-windows,google search,viewed,NULL,no,28/07/2024 14:41,963
CUST-00523,"Sep 30, 2024",LONDON;United Kingdom,Desktop-macOS,Instagram Ads,Viewed,n/a,0,2024-10-20T09:04:00,1768
CUST-00638,01/05/2024,toronto;Canada,desktop-windows,FACEBOOK ADS,Purchased,207.06,N,20/05/2024 19:50,788
CUST-00356,2024-01-29,Toronto;Canada,Tablet-Android,email campaign,ADDED TO CART,N/A,No,2024-02-10 18:01:13,627
CUST-00919,2024-01-27,Manchester;United Kingdom,Mobile-iOS, Facebook Ads,Viewed,NULL,,2024-02-03T20:59:02,1225
CUST-00714,2024-02-27,Dublin;Ireland,desktop-windows,Instagram Ads,added to cart,N/A,false,2024-03-09T01:00:24,953
CUST-01759,"Sep 23, 2024",Los Angeles;United States,Tablet-Android,Direct,VIEWED,n/a,FALSE,2024-09-25T01:33:49,-84
CUST-01484,23-Jul-2024,Birmingham;United Kingdom,desktop-windows,Email Campaign,Added to cart ,N/A,no,2024-08-10 00:25:35,507
CUST-00427,17-Sep-2024,Leeds;United Kingdom,Mobile-iOS,referral,viewed,NULL,N,2024-09-22T15:55:55,68
CUST-01590,29-Apr-2024,new york;United States,Desktop-macOS,instagram ads,CHECKOUT,n/a,No,05/01/2024 08:48 PM,1250
CUST-01604,2024-07-26,new york;United States,Tablet-iPadOS, Facebook Ads,viewed,,N,08/11/2024 05:56 PM,947
CUST-00818,10/09/2024,Berlin;Germany,Desktop-Windows,affiliate ,Viewed,NULL,No,2024-09-21 17:02:38,554
CUST-01170,"Feb 22, 2024",Chicago;United States,Desktop-Windows,direct,added to cart,n/a,N,03/01/2024 10:20 PM,917
CUST-00553,2024-11-11,london;United Kingdom,desktop-windows,direct,added to cart,N/A,no,2024-11-20T09:16:07,120
CUST-00500,12/07/2024,Toronto;Canada,MOBILE-ANDROID,Google  Search,CHECKOUT,N/A,false,2024-07-26 13:20:42,1647
CUST-01036,28-Oct-2024,Berlin;Germany,desktop-windows,referral,viewed,,No,2024-11-07T07:50:10,797
CUST-01179,2024-05-26,Chicago;United States,desktop-windows,Google  Search,ADDED TO CART,NULL,No,04/06/2024 11:15,330
CUST-01045,19-Dec-2024,New York;United States,Desktop-macOS,Direct,Added to cart ,NULL,No,2024-12-26 01:08:30,1452
CUST-00558,12-Jan-2024,new york;United States,mobile-ios,Email Campaign,added to cart,NULL,0,2024-01-26 20:04:40,801
CUST-00927,09/03/2024,Berlin;Germany,desktop-windows,Instagram Ads,viewed,,no,03/24/2024 09:37 AM,571
CUST-00015,11/10/2024,Leeds;United Kingdom,Desktop-Windows,Google  Search,Viewed,n/a,N,2024-10-12T18:43:08,337
CUST-01706,2024-12-22,new york;United States,desktop-windows,direct,Added to Cart,,no,2024-12-25T17:28:52,532
CUST-00557,"Jun 24, 2024",Leeds;United Kingdom,Tablet-Android,Google Search,CHECKOUT,n/a,no,2024-07-03 23:58:35,873
CUST-00215,2024-07-15,Dublin;Ireland,MOBILE-ANDROID,Email  Campaign,VIEWED,N/A,N,2024-07-29 10:10:11,1435
CUST-00079,26/11/2024,Manchester;United Kingdom,mobile-ios,instagram ads,Added to Cart,N/A,,2024-12-09T14:22:38,1201
CUST-01203,04/14/2024,Manchester;United Kingdom,Mobile-iOS,Instagram Ads,CHECKOUT,N/A,FALSE,2024-04-27 07:34:23,717
CUST-01714,09/02/2024,Los Angeles;United States,MOBILE-ANDROID,Email Campaign,ADDED TO CART,NULL,FALSE,12/09/2024 19:15,756
CUST-01100,2024-07-06,New York;United States,Mobile-Android,facebook ads,checkout,n/a,,2024-07-22 08:26:39,257
CUST-01179,2024-05-26,Chicago;United States,desktop-windows,Google  Search,ADDED TO CART,NULL,No,04/06/2024 11:15,330
CUST-00819,2024-04-06,Leeds;United Kingdom,mobile-ios,email campaign,viewed,N/A,0,04/19/2024 05:30 PM,599
CUST-00065,16-Feb-2024,London;United Kingdom,Mobile-iOS,email campaign,Checkout,N/A,FALSE,20/02/2024 21:43,1235
CUST-00883,2024-11-23,LONDON;United Kingdom,desktop-windows,Google Search,Added to cart ,NULL,FALSE,2024-12-05T11:03:51,1340
CUST-01716,2024-01-26,london;United Kingdom,Desktop-Windows,Facebook Ads, Viewed,n/a,0,2024-01-31T18:48:34,358
CUST-01261,30/03/2024,Sydney;Australia,Mobile-Android,Email  Campaign,CHECKOUT,,0,2024-04-14T23:18:00,1683
CUST-00361,2024-06-20,new york;United States,mobile-ios,direct,purchased,$417.67,true,2024-07-03T03:18:06,
CUST-00896,2024-02-12,manchester;United Kingdom,Tablet-Android,direct,checkout,,N,22/02/2024 03:59,1742
CUST-01474,21/02/2024,Dublin;Ireland,mobile-ios,Facebook Ads,Purchased,£67.95,Yes,04/03/2024 11:41,596
CUST-00468,29/12/2024,LONDON;United Kingdom,Desktop-Windows,Instagram Ads,ADDED TO CART,,no,09/01/2025 01:01,-82
CUST-00306,11-Jul-2024,london;United Kingdom,Desktop-Windows,google search,CHECKOUT,,0,2024-07-25 20:13:35,1372
CUST-01349,09/22/2024,toronto;Canada,desktop-windows,Google Search,viewed,N/A,0,2024-09-23T08:27:03,1603
CUST-01512,03/10/2024,Paris;France,Tablet-Android,affiliate ,Viewed,n/a,no,2024-10-16 15:46:34,510
CUST-00665,"Jun 30, 2024",Melbourne;Australia,desktop-windows,Email Campaign,viewed,N/A,false,2024-07-17 00:20:37,
CUST-00942,30-Jan-2024,London;United Kingdom,mobile-ios,Email  Campaign,ADDED TO CART,n/a,no,2024-02-03 07:58:06,1383
CUST-00424,"Jun 11, 2024",manchester;United Kingdom,Desktop-Windows, Facebook Ads,Added to cart ,n/a,false,2024-06-19T11:18:43,1270
CUST-00550,"Jul 23, 2024",manchester;United Kingdom,Mobile-Android, Facebook Ads,viewed,N/A,no,2024-08-03 10:16:19,1404
CUST-00070,07/31/2024,Sydney;Australia,Desktop-macOS,instagram ads,Checkout,,,2024-08-01 22:27:43,778
cust-01645,11-Oct-2024,Paris;France,desktop-windows,referral, Viewed,n/a,0,26/10/2024 01:18,1600
CUST-00769,06/09/2024,Paris;France,Mobile-Android,FACEBOOK ADS,VIEWED,N/A,,2024-09-24T13:35:55,878
CUST-00733,25/09/2024,Toronto;Canada,Mobile-iOS,Direct,VIEWED,,no,2024-10-07 03:18:53,1175
CUST-00667,08/06/2024,toronto;Canada,Desktop-macOS,google search,Viewed,N/A,0,08/17/2024 11:23 AM,218
CUST-01248,12-May-2024,New York;United States,Tablet-iPadOS,Affiliate,Viewed,,0,18/05/2024 05:51,118
CUST-00828,08/28/2024,Paris;France,Mobile-Android,Direct,VIEWED,,FALSE,2024-09-07T11:42:22,1505
CUST-00181,"Feb 24, 2024",Melbourne;Australia,Desktop-macOS,direct, Checkout ,n/a,0,2024-02-29 20:59:04,638
CUST-01144,10/19/2024,toronto;Canada,Mobile-Android,email campaign, Viewed,,no,10/26/2024 12:14 PM,1297
CUST-00451,17-Aug-2024,London;United Kingdom,Tablet-iPadOS,email campaign,viewed,n/a,no,23/08/2024 11:50,522
CUST-01091,15/11/2024,Berlin;Germany,MOBILE-ANDROID,Email Campaign,Viewed,N/A,,2024-12-01 05:44:18,329
CUST-00219,2024-12-21,Los Angeles;United States,desktop-windows, Facebook Ads,VIEWED,N/A,0,2025-01-08 15:56:56,593
cust-01133,2024-05-22,Toronto;Canada,mobile-ios,DIRECT,Viewed,,no,2024-05-29 00:15:19,1005
CUST-00255,2024-01-12,manchester;United Kingdom,mobile-ios,Google Search,Viewed,N/A,N,01/15/2024 09:52 PM,845
CUST-00248,11-Nov-2024,manchester;United Kingdom,Desktop-macOS,email campaign,viewed,,no,16/11/2024 17:07,581
CUST-01507,"Jul 21, 2024",Melbourne;Australia,Mobile-iOS,Direct,added to cart,NULL,No,2024-07-21 19:46:34,1640
CUST-00651,"Jan 10, 2024",Melbourne;Australia,Mobile-iOS,Instagram Ads,Purchased,$302.28,no,2024-01-30 12:55:46,703
CUST-01516,13/04/2024,Sydney;Australia,Mobile-Android,Referral,VIEWED,,no,03/05/2024 23:15,1333
CUST-00134,09/12/2024,new york;United States,Tablet-iPadOS,Referral,ADDED TO CART,N/A,No,2024-09-28T04:02:53,1329
CUST-00724,2024-10-19,Chicago;United States,MOBILE-ANDROID,google search, Viewed,,no,2024-10-20T01:52:58,1756
CUST-00135,2024-02-08,Sydney;Australia,mobile-ios,Instagram Ads,Purchased ,USD 177.34,FALSE,2024-02-27T12:45:58,
CUST-01511,2024-04-20,London;United Kingdom,Mobile-Android, Facebook Ads,VIEWED,NULL,N,04/30/2024 04:37 PM,1430
CUST-01689,13/06/2024,Melbourne;Australia,desktop-windows,Affiliate,Added to cart ,NULL,0,2024-06-23T04:36:12,
 CUST-01531,23/05/2024,Berlin;Germany,Mobile-Android,Direct,viewed,,false,07/06/2024 03:35,876
CUST-00238,01/21/2024,Dublin;Ireland,Desktop-Windows,Google Search,Added to Cart,n/a,0,05/02/2024 18:36,1237
CUST-00324,29/04/2024,London;United Kingdom,Mobile-Android,Facebook Ads,added to cart,NULL,0,04/30/2024 09:34 AM,449
CUST-00888,12/30/2024,london;United Kingdom,Mobile-iOS,referral,Added to Cart,NULL,0,2025-01-06T23:26:48,768
CUST-00031,2024-05-20,Los Angeles;United States,MOBILE-ANDROID,instagram ads,Added to Cart,N/A,No,2024-05-25T14:00:54,146
CUST-01779,"Jul 18, 2024",Birmingham;United Kingdom,Mobile-Android,direct,Added to cart ,NULL,false,18/07/2024 19:34,623
CUST-01554,17/12/2024,Berlin;Germany,Desktop-macOS,Google  Search,Added to Cart,,No,12/22/2024 10:27 AM,1794
CUST-00629,03/12/2024,New York;United States,Tablet-Android,Email  Campaign,ADDED TO CART,,,2024-03-30T22:23:56,962
CUST-00344,2024-08-26,Paris;France,Mobile-Android,Instagram Ads,Added to Cart,n/a,FALSE,08/27/2024 09:49 PM,
CUST-01427,21-Apr-2024,Chicago;United States,Tablet-iPadOS,Google  Search,viewed,,no,2024-05-03T14:54:17,343
CUST-00674,07/19/2024,Dublin;Ireland,Tablet-iPadOS,Email Campaign,CHECKOUT,NULL,0,26/07/2024 19:46,966
CUST-01362,"Jan 01, 2024",Sydney;Australia,Mobile-iOS,DIRECT, Viewed,N/A,,01/06/2024 04:51 AM,25
CUST-00477,22/09/2024,london;United Kingdom,MOBILE-ANDROID,referral,Viewed,NULL,no,27/09/2024 01:21,155
CUST-00831,2024-05-31,Sydney;Australia,Mobile-Android,Email  Campaign,added to cart,NULL,false,08/06/2024 03:55,235
CUST-01782,2024-08-08,Birmingham;United Kingdom,Desktop-macOS,Affiliate,added to cart,N/A,N,2024-08-25 02:47:21,525
cust-01003,21/01/2024,Los Angeles;United States,Desktop-macOS,Instagram Ads,viewed,,No,2024-01-23 20:33:39,156
CUST-00009,2024-09-07,Toronto;Canada,Desktop-Windows,Instagram Ads,Added to Cart,,false,2024-09-17 08:42:32,272
CUST-00246,13/02/2024,Toronto;Canada,MOBILE-ANDROID,direct,viewed,N/A,No,02/18/2024 04:05 AM,1652
CUST-01595,06/07/2024,Birmingham;United Kingdom,Desktop-Windows,Affiliate,VIEWED,N/A,false,2024-06-21 16:33:55,1670
 CUST-00719,26/06/2024,Melbourne;Australia,Tablet-iPadOS,Google  Search,Purchased ,USD 29.04,false,07/07/2024 01:10 AM,1099
CUST-00136,01/09/2024,Dublin;Ireland,Desktop-Windows,Facebook Ads,Added to cart ,N/A,N,2024-01-29 09:16:31,1284
CUST-01566,02-Jul-2024,Paris;France,Tablet-iPadOS,Referral,ADDED TO CART,,no,20/07/2024 14:59,119
CUST-00140,15-Oct-2024,toronto;Canada,Tablet-Android,email campaign,Added to Cart,n/a,N,2024-10-17T10:45:19,1254
CUST-00412,16/02/2024,New York;United States,Mobile-Android,affiliate ,Viewed,n/a,0,2024-03-06 10:27:01,1667
CUST-01308,2024-10-31,Leeds;United Kingdom,Tablet-iPadOS,email campaign,Viewed,N/A,No,2024-11-08T19:45:53,1001
CUST-00105,08/25/2024,manchester;United Kingdom,Desktop-macOS,email campaign,VIEWED,NULL,No,09/10/2024 12:25 PM,510
CUST-00420,26-Jan-2024,Sydney;Australia,Desktop-Windows,Google Search,Checkout,,false,2024-02-06T19:36:04,1709
CUST-00369,16-Jun-2024,New York;United States,mobile-ios,affiliate , Viewed,,N,2024-06-26 15:48:37,1673
CUST-01148,04/11/2024,Melbourne;Australia,desktop-windows,Facebook Ads, Checkout ,NULL,no,09/11/2024 07:44,1445
CUST-00909,2024-09-02,manchester;United Kingdom,Desktop-Windows,google search,VIEWED,NULL,No,2024-09-21T07:45:11,214
CUST-01459,2024-07-28,Sydney;Australia,Tablet-Android,Instagram Ads,Purchased,$430.83,TRUE,2024-07-29 06:26:18,1177
CUST-00122,"Nov 06, 2024",Dublin;Ireland,Tablet-iPadOS,Affiliate,viewed,N/A,false,2024-11-22 15:36:11,755
CUST-00417,2024-06-19,Birmingham;United Kingdom,Desktop-Windows,referral,CHECKOUT,NULL,false,2024-06-20 05:22:40,923
CUST-01066,26/03/2024,London;United Kingdom,MOBILE-ANDROID,Affiliate,Added to Cart,NULL,no,2024-04-10 22:48:51,1749
CUST-01084,16/05/2024,manchester;United Kingdom,Tablet-iPadOS,email campaign,PURCHASED,328.64,Yes,05/18/2024 11:26 AM,1721
CUST-00808,2024-04-19,Toronto;Canada,Desktop-macOS,affiliate , Viewed,NULL,no,04/05/2024 11:11,1165
CUST-00737,31-Mar-2024,Berlin;Germany,Tablet-Android,Email Campaign,VIEWED,n/a,,11/04/2024 19:57,1045
CUST-01454,13/09/2024,London;United Kingdom,desktop-windows, Facebook Ads,ADDED TO CART,NULL,FALSE,27/09/2024 06:37,1569
CUST-00249,"Jun 18, 2024",Melbourne;Australia,Desktop-macOS,Email Campaign,Checkout,n/a,,06/07/2024 08:28,1517
CUST-00619,05/02/2024,Chicago;United States,Tablet-iPadOS,Google Search, Viewed,NULL,no,05/02/2024 16:04,364
CUST-00491,08/31/2024,Melbourne;Australia,Desktop-Windows,FACEBOOK ADS,added to cart,,,2024-09-14T19:57:19,805
CUST-00302,28/05/2024,manchester;United Kingdom,Desktop-macOS,FACEBOOK ADS,Added to cart ,n/a,N,2024-06-06T02:21:24,291
CUST-00807,06-Sep-2024,Paris;France,Mobile-iOS, Facebook Ads,Viewed,,N,2024-09-26 02:30:46,745
CUST-00294,06/02/2024,Berlin;Germany,Mobile-Android,DIRECT,Viewed,n/a,FALSE,2024-02-21T20:28:35,134
CUST-00541,01/25/2024,toronto;Canada,mobile-ios,Email  Campaign, Viewed,NULL,FALSE,01/27/2024 11:13 PM,-66
CUST-00862,29-Mar-2024,Dublin;Ireland,Mobile-Android,Google Search,viewed,,0,2024-04-09 12:07:17,1557
CUST-00286,08/25/2024,LONDON;United Kingdom,mobile-ios,facebook ads,purchased,98.60,N,27/08/2024 15:09,521
CUST-00861,02/27/2024,Paris;France,Mobile-iOS,Email Campaign,viewed,n/a,No,2024-03-17T03:05:55,987
CUST-01107,2024-03-10,Los Angeles;United States,Desktop-macOS,DIRECT,Added to cart ,n/a,,22/03/2024 23:26,1230
CUST-01438,04/20/2024,London;United Kingdom,mobile-ios,email campaign,added to cart,n/a,,04/26/2024 10:56 PM,303
CUST-01691,09/12/2024,Manchester;United Kingdom,Mobile-iOS,Email Campaign,Added to Cart,n/a,false,2024-10-01T00:36:46,254
CUST-00618,10/09/2024,Leeds;United Kingdom,Desktop-macOS,Email Campaign,VIEWED,,N,2024-09-14T05:29:22,1423
cust-01034,"Jan 30, 2024",Sydney;Australia,desktop-windows, Facebook Ads,Checkout,,N,2024-02-08T21:41:05,531
CUST-00256,2024-01-10,Leeds;United Kingdom,Tablet-iPadOS,Referral,viewed,N/A,,19/01/2024 04:19,387
CUST-00918,08-Jun-2024,LONDON;United Kingdom,Tablet-Android,affiliate ,VIEWED,n/a,N,2024-06-27T22:01:56,875
CUST-01648,31/08/2024,LONDON;United Kingdom,MOBILE-ANDROID,Email  Campaign,Viewed,NULL,no,09/19/2024 03:11 PM,1243
CUST-01436,04/18/2024,LONDON;United Kingdom,Tablet-iPadOS,Email Campaign,VIEWED,NULL,no,2024-04-21T07:55:53,800
CUST-01498,23/12/2024,manchester;United Kingdom,Desktop-Windows,direct,Added to cart ,NULL,FALSE,27/12/2024 12:39,1111
CUST-00596,05/17/2024,Los Angeles;United States,desktop-windows,Instagram Ads,Added to Cart,,N,05/21/2024 05:58 AM,1533
CUST-01185,2024-04-08,Los Angeles;United States,Mobile-Android,facebook ads,added to cart,,no,2024-04-23T21:39:49,1178
 CUST-00066,15-Mar-2024,new york;United States,mobile-ios, Facebook Ads,Viewed,N/A,N,22/03/2024 19:43,
CUST-01083,27/12/2024,Berlin;Germany,Desktop-Windows,Direct,Viewed,,FALSE,10/01/2025 11:17,1227
CUST-00341,10/11/2024,Sydney;Australia,mobile-ios,Email Campaign,viewed,N/A,N,2024-10-13 02:00:09,1362
CUST-00465,23/05/2024,Paris;France,Desktop-macOS,email campaign, Viewed,n/a,No,06/06/2024 06:43 PM,1242
CUST-01220,2024-04-21,Leeds;United Kingdom,Tablet-Android,referral,Purchased,USD 266.48,0,2024-05-09 18:14:09,1195
CUST-00187,17/07/2024,London;United Kingdom,Desktop-macOS,Instagram Ads,ADDED TO CART,,,07/27/2024 10:50 AM,341
CUST-01372,"Apr 10, 2024",LONDON;United Kingdom,Desktop-Windows,Direct,VIEWED,N/A,FALSE,2024-04-15T21:54:36,808
CUST-01764,"Feb 27, 2024",Melbourne;Australia,MOBILE-ANDROID, Facebook Ads,viewed,n/a,,08/03/2024 00:20,1495
CUST-00986,10/19/2024,toronto;Canada,Tablet-iPadOS,facebook ads,VIEWED,N/A,0,11/01/2024 12:03 PM,339
CUST-00337,24/06/2024,Birmingham;United Kingdom,Mobile-Android,affiliate ,Viewed,NULL,no,2024-07-06 15:49:32,846
CUST-00708,03/09/2024,Los Angeles;United States,desktop-windows,Direct,Checkout,N/A,FALSE,13/03/2024 09:33,1700
CUST-00004,"Jul 13, 2024",Toronto;Canada,mobile-ios,Email  Campaign,Added to Cart,N/A,FALSE,28/07/2024 23:07,1325
CUST-01269,27-May-2024,Birmingham;United Kingdom,Mobile-Android,referral,Added to cart ,,0,06/05/2024 09:13 AM,
CUST-01417,30-Jan-2024,Los Angeles;United States,Desktop-macOS,referral, Viewed,N/A,0,17/02/2024 11:18,922
CUST-01019,12-Sep-2024,Manchester;United Kingdom,mobile-ios,Direct,purchased, $83.47 ,false,2024-09-15 02:23:00,1394
CUST-01680,"Feb 03, 2024",Birmingham;United Kingdom,Mobile-Android,Referral,Purchased ,259.00,1,21/02/2024 07:10,1389
CUST-00437,"Aug 25, 2024",Sydney;Australia,Mobile-iOS, Facebook Ads, Checkout ,NULL,N,2024-09-12T13:23:40,1181
CUST-00279,2024-07-22,Manchester;United Kingdom,Desktop-Windows,Google Search,Added to cart ,n/a,No,07/28/2024 01:04 AM,1093
CUST-00237,08-May-2024,Melbourne;Australia,MOBILE-ANDROID,Email  Campaign,viewed,N/A,no,17/05/2024 20:23,370
CUST-01563,09/23/2024,New York;United States,desktop-windows,Email  Campaign,Added to Cart,N/A,false,2024-10-05T18:23:43,234
CUST-00569,07-Dec-2024,Los Angeles;United States,Desktop-macOS, Facebook Ads,ADDED TO CART,n/a,,2024-12-26 18:58:46,319
CUST-00483,11-Feb-2024,LONDON;United Kingdom,mobile-ios,referral,ADDED TO CART,NULL,FALSE,21/02/2024 14:08,1437
CUST-00142,"May 17, 2024",manchester;United Kingdom,desktop-windows,email campaign, Checkout ,n/a,,2024-05-22 23:36:54,934
CUST-01505,12/24/2024,Toronto;Canada,Tablet-iPadOS,affiliate ,ADDED TO CART,,,01/04/2025 02:13 AM,64
cust-01789,07/10/2024,LONDON;United Kingdom,Mobile-iOS,Direct,Checkout,,false,07/22/2024 01:08 AM,1146
CUST-01193,12/21/2024,Sydney;Australia,Tablet-Android,Instagram Ads,checkout,,false,07/01/2025 16:01,1440
CUST-01770,2024-02-26,Chicago;United States,desktop-windows,FACEBOOK ADS,Added to cart ,N/A,FALSE,03/02/2024 02:00 PM,1298
CUST-00571,07/30/2024,manchester;United Kingdom,MOBILE-ANDROID,Direct,Added to cart ,N/A,0,2024-08-01T15:54:31,1676
CUST-00601,"Jul 04, 2024",Manchester;United Kingdom,Tablet-iPadOS,Facebook Ads,Added to Cart,N/A,false,2024-07-13T05:34:19,938
CUST-00486,01/04/2024,new york;United States,Mobile-Android,Email  Campaign,VIEWED,,,07/04/2024 13:04,93
CUST-01074,29/02/2024,New York;United States,mobile-ios,Facebook Ads,Added to cart ,NULL,0,2024-03-08 02:32:33,
CUST-01729,2024-11-08,Berlin;Germany,Mobile-Android,email campaign,VIEWED,n/a,0,2024-11-28 15:14:42,1648
CUST-00932,"Nov 25, 2024",Leeds;United Kingdom,Mobile-Android,email campaign,Viewed,,,01/12/2024 05:25,1123
 CUST-01032,27-Jun-2024,Toronto;Canada,Tablet-iPadOS,direct,VIEWED,NULL,N,2024-07-02 03:21:29,1389
CUST-00877,25/07/2024,Chicago;United States,Desktop-macOS,Direct,added to cart,NULL,FALSE,2024-08-13T00:32:29,1168
CUST-00914,"Jan 22, 2024",Leeds;United Kingdom,Mobile-iOS,affiliate ,ADDED TO CART,n/a,0,2024-02-07 00:19:28,189
CUST-01757,2024-07-26,London;United Kingdom,desktop-windows,Facebook Ads,CHECKOUT,N/A,N,2024-08-10 09:56:21,827
CUST-00371,26-Dec-2024,London;United Kingdom,Tablet-iPadOS,DIRECT, Viewed,N/A,,01/14/2025 06:43 AM,17
CUST-01695,"Nov 01, 2024",LONDON;United Kingdom,MOBILE-ANDROID,referral,Purchased, $286.79 ,0,11/10/2024 02:37 PM,435
CUST-00705,09/19/2024,Paris;France,MOBILE-ANDROID,affiliate ,viewed,n/a,,2024-10-09 17:03:28,1583
CUST-00556,"Apr 17, 2024",LONDON;United Kingdom,Mobile-Android,Google Search,Viewed,,FALSE,08/05/2024 12:16,217
CUST-00098,17-Oct-2024,manchester;United Kingdom,Tablet-iPadOS,Email  Campaign,added to cart,n/a,0,10/23/2024 05:10 PM,1521
CUST-00689,08/06/2024,Toronto;Canada,desktop-windows,instagram ads,viewed,,FALSE,2024-08-10 03:16:47,553
CUST-01023,2024-06-28,London;United Kingdom,MOBILE-ANDROID,affiliate ,viewed,NULL,,2024-06-28 21:51:12,305
CUST-00376,11/17/2024,Sydney;Australia,Tablet-Android,Google Search,Checkout,n/a,No,2024-11-18 08:49:34,1079
CUST-01408,2024-06-02,Chicago;United States,Tablet-iPadOS,Instagram Ads,Viewed,n/a,FALSE,2024-06-20 10:32:53,17
CUST-00161,20/09/2024,Sydney;Australia,Mobile-iOS,instagram ads,viewed,N/A,No,09/23/2024 05:28 AM,1399
 CUST-00881,2024-11-04,Manchester;United Kingdom,Desktop-Windows,google search,ADDED TO CART,N/A,No,15/11/2024 11:48,
CUST-01294,"Aug 25, 2024",Sydney;Australia,Mobile-Android,Referral,checkout,n/a,N,08/31/2024 04:30 PM,1148
CUST-00166,"Jan 01, 2024",LONDON;United Kingdom,mobile-ios,affiliate ,Added to Cart,,false,2024-01-08 14:46:13,285
CUST-00370,19/08/2024,LONDON;United Kingdom,Tablet-Android,Facebook Ads, Viewed,N/A,No,08/27/2024 09:01 AM,47
CUST-00972,06/09/2024,Manchester;United Kingdom,Desktop-Windows,Google  Search, Viewed,N/A,No,06/22/2024 08:48 AM,98
cust-00517,2024-10-25,Leeds;United Kingdom,Tablet-Android,Facebook Ads,ADDED TO CART,NULL,0,11/10/2024 04:31 AM,1411
CUST-00987,18-Jun-2024,New York;United States,Tablet-Android,direct,VIEWED,n/a,false,06/20/2024 07:14 PM,1521
CUST-00213,18/03/2024,Chicago;United States,desktop-windows,affiliate , Viewed,N/A,no,05/04/2024 14:00,1307
CUST-00934,19-Feb-2024,London;United Kingdom,Desktop-Windows,Google  Search,checkout,N/A,,24/02/2024 09:50,1370
CUST-00508,11/06/2024,Los Angeles;United States,Tablet-iPadOS,Google  Search,Added to Cart,n/a,0,14/11/2024 10:03,1263
CUST-00358,2024-01-19,Chicago;United States,Mobile-iOS,Direct,Added to cart ,N/A,false,31/01/2024 20:21,304
CUST-00604,10-Sep-2024,toronto;Canada,MOBILE-ANDROID,instagram ads,ADDED TO CART,NULL,N,09/23/2024 01:52 AM,1493
CUST-00011,11-Jan-2024,New York;United States,MOBILE-ANDROID,Facebook Ads,added to cart,,N,01/30/2024 05:25 AM,1385
CUST-00792,15-Feb-2024,Dublin;Ireland,mobile-ios,email campaign,Viewed,,no,23/02/2024 16:10,1702
CUST-00625,2024-10-30,Berlin;Germany,Desktop-Windows,Facebook Ads,Added to Cart,,no,11/02/2024 02:29 AM,1043
CUST-00916,2024-05-30,london;United Kingdom,Desktop-Windows,Google Search, Viewed,N/A,no,2024-06-06T07:25:03,760
CUST-00574,2024-10-31,manchester;United Kingdom,Desktop-macOS,Google Search, Checkout ,N/A,,2024-11-04T02:45:32,1445
CUST-01682,18-Oct-2024,Berlin;Germany,Mobile-iOS,Instagram Ads,Checkout,NULL,false,2024-10-19 04:12:30,780
CUST-01209,2024-12-30,toronto;Canada,Mobile-Android,referral,Purchased,$38.81,false,12/31/2024 11:22 AM,932
cust-00578,07-Jun-2024,Leeds;United Kingdom,Mobile-iOS,Instagram Ads,Added to Cart,NULL,N,06/08/2024 06:50 AM,745
CUST-01302,27-Mar-2024,London;United Kingdom,Mobile-Android,affiliate ,viewed,,No,2024-03-31 00:37:25,627
 CUST-00289,19-Dec-2024,manchester;United Kingdom,Desktop-macOS,FACEBOOK ADS,ADDED TO CART,,N,27/12/2024 07:18,272
CUST-00209,02/02/2024,Chicago;United States,Desktop-Windows,instagram ads,VIEWED,N/A,No,13/02/2024 12:14,1658
CUST-00992,07/14/2024,Melbourne;Australia,Mobile-iOS,Facebook Ads,viewed,n/a,FALSE,07/18/2024 04:33 PM,388
CUST-01059,21/12/2024,Birmingham;United Kingdom,Mobile-Android,google search, Checkout ,NULL,0,2025-01-05T10:29:30,662
CUST-01471,08-Jul-2024,Chicago;United States,desktop-windows,DIRECT,Added to cart ,N/A,no,07/15/2024 09:51 PM,392
CUST-00608,2024-09-09,new york;United States,desktop-windows, Facebook Ads,Purchased ,$117.84,true,2024-09-26 11:09:19,1738
CUST-00680,2024-09-15,London;United Kingdom,Tablet-Android,Google Search,Added to cart ,N/A,,09/28/2024 01:07 PM,1537
CUST-00964,27/07/2024,New York;United States,Desktop-macOS, Facebook Ads,Added to cart ,,FALSE,2024-08-13 13:40:45,1204
CUST-01115,26/01/2024,New York;United States,mobile-ios,Google Search, Viewed,n/a,,15/02/2024 06:05,778
CUST-00275,"Nov 18, 2024",Chicago;United States,Desktop-Windows,Email  Campaign,ADDED TO CART,n/a,N,2024-11-26 21:30:22,1255
CUST-01015,"Mar 09, 2024",london;United Kingdom,Tablet-Android,Google  Search,ADDED TO CART,NULL,FALSE,2024-03-26T20:15:50,1180
 CUST-00709,22/07/2024,manchester;United Kingdom,Tablet-iPadOS,Google  Search,Purchased , $299.51 ,yes,2024-07-30T08:48:47,878
CUST-01793,23-Jun-2024,Toronto;Canada,Mobile-iOS, Facebook Ads,added to cart,n/a,no,2024-07-04T02:13:34,1457
CUST-00543,07/08/2024,Los Angeles;United States,Mobile-Android,Email Campaign,Purchased,£48.36,No,2024-08-20 00:57:15,1024
CUST-01590,29-Apr-2024,new york;United States,Desktop-macOS,instagram ads,CHECKOUT,n/a,No,05/01/2024 08:48 PM,1250
CUST-01596,12/23/2024,Melbourne;Australia,desktop-windows,Email  Campaign,Viewed,,false,2025-01-08T13:52:44,868
CUST-01653,2024-05-10,LONDON;United Kingdom,Tablet-Android,facebook ads,added to cart,n/a,FALSE,2024-05-10 17:52:13,463
CUST-00082,24-Jun-2024,Birmingham;United Kingdom,Mobile-iOS,Instagram Ads, Viewed,N/A,no,07/02/2024 01:04 AM,1405
CUST-00018,02/05/2024,Los Angeles;United States,mobile-ios,DIRECT,VIEWED,,false,02/22/2024 06:53 PM,290
CUST-01090,30/05/2024,Paris;France,Tablet-iPadOS,direct,viewed,NULL,no,06/02/2024 03:15 AM,251
CUST-01150,"Jun 27, 2024",new york;United States,Desktop-Windows,affiliate ,VIEWED,NULL,N,2024-07-12 21:42:18,-54
CUST-00407,"Sep 28, 2024",Leeds;United Kingdom,Desktop-macOS,FACEBOOK ADS,VIEWED,n/a,0,10/12/2024 08:18 PM,1294
CUST-01577,04/21/2024,Manchester;United Kingdom,Mobile-Android,DIRECT,Purchased,177.95,N,2024-05-03T19:01:51,439
CUST-00108,28-Aug-2024,London;United Kingdom,Mobile-Android,direct,Purchased , $174.18 ,TRUE,09/01/2024 01:24 PM,1047
CUST-00430,2024-07-23,Leeds;United Kingdom,mobile-ios,Direct,VIEWED,N/A,N,2024-07-29T11:14:50,650
CUST-01346,"Jul 10, 2024",London;United Kingdom,Mobile-Android,Google Search, Viewed,n/a,No,10/07/2024 11:49,939
CUST-00242,2024-10-02,LONDON;United Kingdom,MOBILE-ANDROID,Google  Search, Viewed,,No,2024-10-14T06:24:48,1544
CUST-00844,"Jan 16, 2024",Sydney;Australia,Tablet-iPadOS,direct,Checkout,n/a,false,2024-01-22T01:21:10,1389
CUST-01631,27/10/2024,LONDON;United Kingdom,Tablet-Android,email campaign,ADDED TO CART,,N,2024-11-02T10:41:57,695
CUST-01633,27-Jul-2024,Dublin;Ireland,Desktop-Windows,email campaign, Checkout ,N/A,false,08/13/2024 02:07 PM,260
CUST-00157,"Dec 16, 2024",Melbourne;Australia,Tablet-iPadOS,google search,CHECKOUT,,no,12/21/2024 12:54 PM,1535
CUST-01687,03-Sep-2024,London;United Kingdom,MOBILE-ANDROID,email campaign, Viewed,,0,2024-09-23T15:37:01,69
 CUST-00456,"Feb 04, 2024",Berlin;Germany,Desktop-Windows,affiliate ,purchased,USD 346.45,0,2024-02-18T06:37:36,197
CUST-01201,2024-07-18,Toronto;Canada,MOBILE-ANDROID,Facebook Ads,VIEWED,NULL,no,07/20/2024 03:41 PM,912
CUST-01048,"Mar 18, 2024",LONDON;United Kingdom,desktop-windows,Facebook Ads,Viewed,,no,20/03/2024 08:11,1564
CUST-01493,2024-08-15,Los Angeles;United States,Desktop-macOS,Google  Search,Viewed,,false,2024-08-24T15:28:04,891
CUST-00841,08-Sep-2024,Los Angeles;United States,MOBILE-ANDROID,FACEBOOK ADS,Viewed,,FALSE,2024-09-09 18:28:57,636
CUST-00513,2024-03-23,LONDON;United Kingdom,desktop-windows,Direct,Viewed,N/A,0,2024-03-26T12:26:57,1106
CUST-01704,2024-03-29,Berlin;Germany,desktop-windows,Email Campaign,purchased,USD 250.73,Y,03/30/2024 05:58 AM,1094
CUST-01331,26-Feb-2024,Los Angeles;United States,Desktop-macOS,facebook ads, Viewed,,no,17/03/2024 19:24,892
CUST-00762,06/24/2024,LONDON;United Kingdom,Desktop-macOS,direct,viewed,,No,2024-07-15T13:53:55,1474
CUST-01720,27-Nov-2024,Sydney;Australia,desktop-windows,Referral,Viewed,n/a,No,2024-12-15 20:45:41,1590
CUST-01726,21/03/2024,New York;United States,Desktop-macOS,facebook ads,purchased,372.35,Y,2024-03-31 11:00:04,1109
CUST-00186,2024-10-08,LONDON;United Kingdom,Desktop-Windows,Direct,checkout,,0,10/25/2024 09:26 AM,719
CUST-00239,"Nov 11, 2024",Dublin;Ireland,Desktop-macOS,FACEBOOK ADS,VIEWED,N/A,No,2024-11-22 12:57:52,1127
CUST-00200,"Aug 04, 2024",Leeds;United Kingdom,mobile-ios,instagram ads,Added to Cart,,0,2024-08-15T22:51:11,1079
CUST-01785,09/11/2024,toronto;Canada,Desktop-macOS,FACEBOOK ADS,ADDED TO CART,n/a,no,2024-11-11 13:39:05,-47
CUST-00904,2024-08-01,Toronto;Canada,Desktop-macOS,Email  Campaign,checkout,N/A,No,08/08/2024 03:23 AM,1224
CUST-01650,2024-03-02,Berlin;Germany,desktop-windows,instagram ads,PURCHASED,46.29,0,2024-03-09 14:44:07,1241
CUST-00650,"Dec 23, 2024",Manchester;United Kingdom,Mobile-iOS,Referral,VIEWED,n/a,FALSE,12/31/2024 08:01 PM,586
CUST-00499,06/01/2024,Melbourne;Australia,Desktop-macOS,google search,checkout,NULL,false,2024-01-07 09:56:55,122
CUST-00766,08-Feb-2024,Los Angeles;United States,MOBILE-ANDROID,FACEBOOK ADS,purchased,£347.60,Yes,2024-02-22T03:09:02,1723
CUST-01398,24/03/2024,Paris;France,Desktop-Windows,Referral,added to cart,n/a,0,2024-04-08T11:00:18,146
CUST-00375,"Feb 03, 2024",LONDON;United Kingdom,Mobile-Android,Direct,VIEWED,,N,02/06/2024 06:51 PM,323
CUST-01773,06-Feb-2024,manchester;United Kingdom,mobile-ios,Facebook Ads,Added to cart ,n/a,N,2024-02-17T01:18:28,1485
CUST-00895,08-Sep-2024,Leeds;United Kingdom,desktop-windows,direct,VIEWED,N/A,FALSE,25/09/2024 17:25,1230
CUST-01383,2024-08-27,Chicago;United States,Tablet-iPadOS, Facebook Ads,Viewed,NULL,0,09/17/2024 10:14 AM,454
CUST-01659,06/06/2024,Chicago;United States,MOBILE-ANDROID, Facebook Ads,purchased,240.05,0,2024-06-12T16:59:29,1612
CUST-01381,2024-07-10,LONDON;United Kingdom,Tablet-iPadOS,Instagram Ads,Viewed,NULL,0,2024-07-27 13:14:49,1093
CUST-00524,05/12/2024,LONDON;United Kingdom,Mobile-Android,FACEBOOK ADS,added to cart,,FALSE,20/05/2024 00:12,1196
CUST-01174,2024-02-26,Birmingham;United Kingdom,mobile-ios,Google Search, Viewed,n/a,No,2024-03-02T09:59:08,
CUST-00729,24-Dec-2024,new york;United States,Mobile-iOS,Google Search,PURCHASED,260.14,true,12/27/2024 06:23 PM,618
CUST-00093,2024-05-03,Chicago;United States,mobile-ios,facebook ads, Checkout ,NULL,false,07/05/2024 20:55,952
cust-01570,30-Apr-2024,Birmingham;United Kingdom,Desktop-macOS,Instagram Ads,added to cart,,,2024-05-15T03:29:38,1319
CUST-00351,02-Apr-2024,London;United Kingdom,Mobile-iOS,FACEBOOK ADS,Purchased ,167.91,Y,2024-04-02 23:24:20,1726
CUST-01499,03/12/2024,Berlin;Germany,desktop-windows,email campaign,VIEWED,N/A,FALSE,2024-12-06 19:09:40,1381
CUST-01394,08/01/2024,toronto;Canada,MOBILE-ANDROID,referral,VIEWED,NULL,,2024-01-13T15:27:24,932
CUST-00692,20/11/2024,Sydney;Australia,Tablet-Android,DIRECT,Added to Cart,NULL,false,27/11/2024 20:06,969
CUST-00434,02/12/2024,Chicago;United States,Tablet-iPadOS,DIRECT,VIEWED,n/a,,29/02/2024 21:09,1252
CUST-01256,"May 02, 2024",Sydney;Australia,Mobile-iOS,DIRECT,ADDED TO CART,n/a,FALSE,05/21/2024 09:06 AM,318
CUST-01797,2024-12-15,toronto;Canada,Mobile-iOS,Affiliate,VIEWED,NULL,N,2025-01-01 03:47:21,358
cust-01236,28-Dec-2024,new york;United States,Mobile-Android,affiliate ,checkout,,N,2025-01-11T00:00:47,1314
CUST-01600,17-Feb-2024,Leeds;United Kingdom,Mobile-iOS,Instagram Ads,VIEWED,N/A,no,02/03/2024 00:22,1394
CUST-00564,07/06/2024,toronto;Canada,MOBILE-ANDROID,FACEBOOK ADS,Purchased ,USD 58.60,Y,2024-06-20 01:55:54,
CUST-00162,"Nov 19, 2024",toronto;Canada,Tablet-iPadOS,FACEBOOK ADS,Viewed,NULL,FALSE,12/05/2024 08:47 AM,946
CUST-01043,18-Sep-2024,new york;United States,mobile-ios,direct,viewed,NULL,false,2024-10-04T19:11:34,1751
 CUST-01058,"Jul 08, 2024",toronto;Canada,mobile-ios,google search,VIEWED,n/a,N,2024-07-10T16:23:48,725
CUST-01783,24-Dec-2024,Birmingham;United Kingdom,Desktop-Windows,Affiliate,added to cart,,N,2025-01-12T03:19:16,430
CUST-00611,2024-05-12,london;United Kingdom,Desktop-Windows,FACEBOOK ADS,Added to cart ,n/a,false,15/05/2024 16:34,668
CUST-01067,05/06/2024,Chicago;United States,MOBILE-ANDROID,facebook ads,added to cart,n/a,false,17/05/2024 16:31,692
CUST-00744,"Feb 07, 2024",manchester;United Kingdom,mobile-ios,affiliate ,purchased,USD 157.61,no,02/19/2024 08:48 AM,1591
CUST-00096,02/22/2024,Los Angeles;United States,Desktop-Windows,DIRECT, Viewed,N/A,false,03/02/2024 01:54 PM,737
CUST-00617,14/12/2024,Manchester;United Kingdom,MOBILE-ANDROID, Facebook Ads,Purchased,246.48,TRUE,2024-12-28T23:48:56,1518
CUST-01497,06/11/2024,London;United Kingdom,Mobile-iOS,Facebook Ads,viewed,NULL,,13/11/2024 15:20,1442
CUST-00182,01/21/2024,manchester;United Kingdom,Mobile-Android,Instagram Ads, Viewed,,false,01/27/2024 04:49 PM,843
CUST-01229,05/15/2024,Manchester;United Kingdom,Mobile-iOS,Google  Search,Viewed,N/A,0,2024-05-19 14:33:36,442
CUST-01795,07/06/2024,New York;United States,Desktop-macOS,email campaign,VIEWED,n/a,FALSE,25/06/2024 22:46,737
CUST-00656,18/11/2024,london;United Kingdom,MOBILE-ANDROID, Facebook Ads,viewed,NULL,FALSE,2024-11-25 00:21:11,1478
CUST-01086,28/03/2024,new york;United States,Tablet-iPadOS,google search,ADDED TO CART,n/a,N,2024-03-29 12:41:31,1687
CUST-00010,10/08/2024,Paris;France,desktop-windows,Google  Search,viewed,n/a,0,10/22/2024 01:00 PM,262
CUST-00772,"Dec 29, 2024",toronto;Canada,Mobile-iOS,Email  Campaign, Viewed,NULL,FALSE,2025-01-17 07:59:02,1301
CUST-00236,24-Apr-2024,toronto;Canada,MOBILE-ANDROID,referral,VIEWED,,0,2024-05-03T05:33:39,655
CUST-01093,"May 19, 2024",london;United Kingdom,desktop-windows,DIRECT,ADDED TO CART,n/a,FALSE,30/05/2024 12:52,666
CUST-01246,14/07/2024,Manchester;United Kingdom,Mobile-Android,affiliate ,VIEWED,,No,2024-07-31T05:20:56,1566
CUST-00917,2024-06-02,London;United Kingdom,Desktop-Windows,email campaign,Purchased,$172.70,no,2024-06-09 08:48:49,1654
CUST-00810,"Jan 21, 2024",Berlin;Germany,desktop-windows,Referral,CHECKOUT,NULL,FALSE,02/02/2024 08:56,
CUST-00868,07-Apr-2024,Dublin;Ireland,Desktop-macOS,Google  Search,viewed,,false,04/22/2024 11:09 PM,1632
CUST-01504,11/05/2024,LONDON;United Kingdom,mobile-ios,affiliate ,CHECKOUT,,No,14/05/2024 12:48,1141
CUST-01215,08/08/2024,london;United Kingdom,Mobile-iOS,facebook ads,ADDED TO CART,NULL,No,2024-08-20 16:32:19,1415
CUST-01665,23-Jan-2024,new york;United States,Mobile-Android,Google  Search,CHECKOUT,NULL,N,2024-01-29 14:39:26,1667
CUST-00489,07/08/2024,Melbourne;Australia,Tablet-iPadOS,Affiliate,CHECKOUT,,0,08/24/2024 09:12 PM,1419
CUST-00385,"Apr 12, 2024",Los Angeles;United States,Tablet-Android,Referral,ADDED TO CART,NULL,FALSE,2024-04-28T00:46:20,330
CUST-01598,16-Dec-2024,london;United Kingdom,Tablet-Android,google search,Checkout,,false,12/21/2024 05:03 AM,386
CUST-00751,"Aug 13, 2024",London;United Kingdom,Tablet-iPadOS,Google  Search,purchased,USD 350.38,N,02/09/2024 20:28,1072
CUST-01263,"Jan 04, 2024",Leeds;United Kingdom,Desktop-Windows,Referral,VIEWED,N/A,no,2024-01-16T10:19:25,1110
CUST-00598,"Sep 21, 2024",New York;United States,Mobile-Android,Google Search,Added to cart ,n/a,,03/10/2024 00:46,206
CUST-00903,2024-10-17,Birmingham;United Kingdom,Desktop-Windows,direct,ADDED TO CART,N/A,N,05/11/2024 02:41,584
CUST-00433,2024-01-25,london;United Kingdom,Tablet-Android, Facebook Ads,PURCHASED,USD 169.62,TRUE,2024-01-26 04:03:39,1625
CUST-00716,2024-05-11,Sydney;Australia,Mobile-Android,Google  Search,VIEWED,N/A,false,2024-05-29 00:46:16,1572
CUST-00232,31/03/2024,manchester;United Kingdom,Mobile-Android,Direct,VIEWED,NULL,0,13/04/2024 20:03,617
CUST-00583,15/02/2024,Melbourne;Australia,Desktop-Windows,Referral, Viewed,N/A,N,2024-03-06T19:35:23,836
CUST-00829,08/04/2024,Toronto;Canada,Mobile-iOS,Referral,ADDED TO CART,n/a,,2024-04-21T15:03:23,670
CUST-01496,05-Sep-2024,Toronto;Canada,mobile-ios,FACEBOOK ADS, Viewed,n/a,false,09/16/2024 02:28 AM,186
CUST-00577,08/27/2024,toronto;Canada,desktop-windows,google search,PURCHASED,$62.15,yes,28/08/2024 07:22,148
CUST-00116,11-Mar-2024,New York;United States,MOBILE-ANDROID,facebook ads,viewed,N/A,N,2024-03-13T06:58:36,1410
 CUST-00340,07/02/2024,London;United Kingdom,MOBILE-ANDROID,direct, Viewed,n/a,false,2024-07-10T06:59:38,1371
CUST-00529,08-Mar-2024,london;United Kingdom,Desktop-Windows,DIRECT,viewed,NULL,false,03/18/2024 06:46 PM,1662
CUST-00786,24/07/2024,Toronto;Canada,Mobile-Android,email campaign,Purchased,$442.17,N,2024-07-27 21:18:13,24
CUST-00310,15/04/2024,Dublin;Ireland,MOBILE-ANDROID,Google Search,added to cart,NULL,,19/04/2024 01:45,1488
CUST-00710,"Sep 21, 2024",LONDON;United Kingdom,Desktop-macOS, Facebook Ads, Viewed,,No,27/09/2024 22:52,946
CUST-01404,03/30/2024,new york;United States,Mobile-Android,referral, Viewed,n/a,N,02/04/2024 10:20,1109
CUST-00522,2024-12-03,Sydney;Australia,Mobile-iOS,google search,VIEWED,NULL,,09/12/2024 02:15,1388
CUST-01490,2024-03-21,Los Angeles;United States,Tablet-Android,Email  Campaign,Purchased,£61.22,No,29/03/2024 17:12,1251
CUST-01626,26-Mar-2024,Berlin;Germany,MOBILE-ANDROID,Email  Campaign, Viewed,NULL,no,2024-04-15T01:13:33,199
CUST-01693,08/30/2024,Melbourne;Australia,Desktop-macOS,Email Campaign,VIEWED,NULL,no,09/09/2024 10:16,325
CUST-00865,2024-03-15,Toronto;Canada,Desktop-Windows,Direct,ADDED TO CART,n/a,,03/27/2024 09:21 AM,977
CUST-00472,19/10/2024,Sydney;Australia,Mobile-Android,Instagram Ads,Purchased, $27.12 ,FALSE,11/05/2024 12:55 AM,984
CUST-00684,07/27/2024,Leeds;United Kingdom,Tablet-Android,Referral,CHECKOUT,NULL,false,2024-08-06 07:12:10,173
 CUST-00944,05/05/2024,Chicago;United States,Mobile-Android,Email  Campaign,VIEWED,N/A,0,2024-05-13 14:45:31,566
CUST-00551,"Nov 01, 2024",Berlin;Germany,Desktop-Windows,Email Campaign,added to cart,N/A,false,11/11/2024 21:17,1784
CUST-01651,05-Jan-2024,Leeds;United Kingdom,Desktop-macOS,referral,Viewed,,0,21/01/2024 18:48,1523
CUST-01573,2024-11-06,Birmingham;United Kingdom,MOBILE-ANDROID,DIRECT,Checkout,n/a,,11/20/2024 04:40 AM,875
CUST-01619,14/05/2024,Paris;France,Desktop-macOS,direct,purchased,£391.24,0,2024-05-15 04:30:10,970
CUST-00353,05/21/2024,new york;United States,mobile-ios,FACEBOOK ADS,Purchased,127.33,Y,01/06/2024 02:32,1022
CUST-01224,2024-04-15,Chicago;United States,Tablet-Android,Referral,added to cart,NULL,N,04/20/2024 05:34 AM,1178
CUST-00168,18-Mar-2024,Melbourne;Australia,MOBILE-ANDROID,FACEBOOK ADS,viewed,,FALSE,2024-04-03T03:59:23,1635
CUST-01476,2024-07-09,New York;United States,Desktop-macOS,Facebook Ads,VIEWED,N/A,no,2024-07-29T18:42:20,1332
CUST-00360,2024-11-11,Leeds;United Kingdom,desktop-windows,email campaign, Viewed,n/a,N,02/12/2024 03:01,451
CUST-00471,"Dec 14, 2024",Berlin;Germany,Desktop-macOS,referral,viewed,,no,2025-01-03T08:52:13,817
CUST-00335,12/24/2024,Melbourne;Australia,Tablet-iPadOS,Facebook Ads,purchased,137.78,No,2025-01-04 08:01:36,234
CUST-00970,"Oct 16, 2024",Chicago;United States,Mobile-iOS,Affiliate,viewed,NULL,FALSE,11/02/2024 04:12 AM,1368
CUST-01158,22/09/2024,Los Angeles;United States,desktop-windows,Email  Campaign,added to cart,N/A,N,2024-09-27 17:39:39,901
CUST-00592,10/22/2024,Toronto;Canada,Mobile-iOS,Email Campaign,Viewed,NULL,false,2024-10-31T17:31:23,1125
CUST-00713,06-Jul-2024,Toronto;Canada,Desktop-Windows,direct,CHECKOUT,N/A,no,2024-07-13T15:49:23,-42
CUST-01624,2024-03-30,new york;United States,Mobile-iOS,Email  Campaign,Added to cart ,NULL,N,2024-04-05T18:39:50,451
CUST-00099,10/14/2024,new york;United States,Tablet-iPadOS,Google  Search,VIEWED,NULL,No,16/10/2024 18:17,1475
CUST-00763,"Jun 06, 2024",Dublin;Ireland,Mobile-Android,referral,added to cart,N/A,,21/06/2024 04:28,1539
CUST-00025,16/07/2024,new york;United States,Mobile-iOS,direct,added to cart,n/a,0,07/18/2024 07:59 AM,270
cust-00362,01-Apr-2024,Los Angeles;United States,desktop-windows,Referral,viewed,N/A,false,2024-04-06T21:14:43,1265
CUST-00058,"Jun 03, 2024",Berlin;Germany,Mobile-Android,Instagram Ads,PURCHASED, $24.54 ,TRUE,2024-06-21 17:15:11,1720
CUST-00742,12/04/2024,Toronto;Canada,Mobile-iOS,email campaign,checkout,N/A,FALSE,2024-12-15T02:19:05,512
CUST-01138,16-Feb-2024,Melbourne;Australia,Mobile-iOS,referral,Added to Cart,N/A,,05/03/2024 06:46,1021
CUST-01017,11-Feb-2024,Chicago;United States,Mobile-Android,DIRECT,added to cart,N/A,,2024-02-27 08:51:00,1197
CUST-00218,10-May-2024,london;United Kingdom,Mobile-iOS, Facebook Ads,Viewed,,false,2024-05-13T06:28:08,532
CUST-01233,01/18/2024,Leeds;United Kingdom,Tablet-Android,referral, Viewed,N/A,FALSE,2024-01-28T07:23:40,1063
CUST-00961,29/01/2024,Toronto;Canada,desktop-windows,Direct,Viewed,,0,2024-02-02T00:56:31,450
CUST-01555,23/08/2024,Dublin;Ireland,desktop-windows,Direct,VIEWED,,false,08/24/2024 11:37 AM,1149
CUST-00002,03/22/2024,new york;United States,mobile-ios,Google  Search,VIEWED,,N,2024-03-30 17:23:12,556
CUST-01169,"Jan 09, 2024",Birmingham;United Kingdom,mobile-ios,Google Search,Added to Cart,NULL,,2024-01-27T20:18:30,1134
CUST-00072,25-Feb-2024,Toronto;Canada,Mobile-Android,instagram ads, Viewed,,FALSE,03/16/2024 07:44 AM,1576
CUST-00188,2024-05-16,New York;United States,desktop-windows,Email  Campaign,viewed,N/A,No,05/29/2024 10:25 AM,1226
CUST-01489,02/03/2024,Birmingham;United Kingdom,desktop-windows,Direct, Viewed,,0,07/03/2024 06:04,456
CUST-00671,12/10/2024,london;United Kingdom,desktop-windows, Facebook Ads,VIEWED,N/A,,2024-12-21 23:41:50,518
CUST-01649,"Dec 24, 2024",new york;United States,Tablet-Android,DIRECT,Viewed,,false,01/07/2025 11:40 AM,335
CUST-01287,2024-08-14,Los Angeles;United States,Tablet-Android,email campaign,viewed,NULL,N,17/08/2024 20:47,822
CUST-00845,2024-04-30,london;United Kingdom,desktop-windows,Affiliate, Viewed,N/A,false,2024-05-18 18:18:38,767
CUST-00602,06-Jan-2024,london;United Kingdom,Mobile-Android,email campaign, Viewed,,No,01/17/2024 09:30 AM,75
CUST-00311,03/15/2024,Sydney;Australia,desktop-windows,Email Campaign,ADDED TO CART,N/A,,2024-03-19 01:04:24,
CUST-01371,03/16/2024,New York;United States,Tablet-iPadOS,Facebook Ads,ADDED TO CART,n/a,no,2024-03-26 05:39:31,1405
CUST-00777,05/14/2024,Dublin;Ireland,Desktop-macOS,Direct,CHECKOUT,,no,2024-05-19T00:18:25,332
CUST-01599,30/03/2024,New York;United States,Tablet-iPadOS,Direct, Viewed,NULL,FALSE,02/04/2024 17:16,1115
CUST-01725,2024-11-18,Birmingham;United Kingdom,MOBILE-ANDROID,direct,added to cart,n/a,,11/28/2024 10:34 AM,781
CUST-00764,18-Mar-2024,Paris;France,Mobile-iOS,Affiliate,checkout,n/a,No,20/03/2024 23:29,478
CUST-01186,"Feb 27, 2024",Melbourne;Australia,mobile-ios,direct,VIEWED,,false,01/03/2024 13:16,131
CUST-01123,30-Dec-2024,toronto;Canada,Desktop-Windows,Instagram Ads,purchased,328.27,No,01/18/2025 02:04 AM,498
CUST-00870,02/04/2024,Berlin;Germany,Tablet-iPadOS,Affiliate,VIEWED,NULL,No,2024-02-09 22:52:43,1017
 CUST-00461,07/18/2024,manchester;United Kingdom,desktop-windows,email campaign,Added to Cart,,No,23/07/2024 05:35,803
cust-00464,03-Sep-2024,new york;United States,desktop-windows,Email  Campaign,viewed,n/a,N,2024-09-06 19:57:02,266
CUST-01656,"Jun 27, 2024",manchester;United Kingdom,Tablet-Android,Email  Campaign,viewed,,no,07/18/2024 06:52 AM,1344
CUST-00120,11/12/2024,toronto;Canada,desktop-windows,referral,purchased,£222.69,1,2024-12-16T07:01:58,633
CUST-00585,"Feb 23, 2024",Birmingham;United Kingdom,desktop-windows,FACEBOOK ADS,Added to Cart,n/a,0,2024-03-04T09:34:57,236
CUST-01662,2024-01-25,Chicago;United States,Desktop-Windows,DIRECT,PURCHASED,$119.57,false,2024-01-30T17:59:50,763
CUST-00113,2024-11-09,manchester;United Kingdom,Tablet-Android,Google  Search, Viewed,NULL,no,30/11/2024 02:10,1133
CUST-01584,2024-07-27,Sydney;Australia,MOBILE-ANDROID, Facebook Ads,ADDED TO CART,n/a,0,13/08/2024 18:51,226
CUST-00958,26-May-2024,Los Angeles;United States,MOBILE-ANDROID,Instagram Ads,Added to Cart,N/A,,03/06/2024 19:57,456
CUST-00983,20-Sep-2024,Chicago;United States,desktop-windows,Facebook Ads,Added to cart ,,0,2024-10-07T00:27:08,258
CUST-00081,2024-05-26,Paris;France,desktop-windows,DIRECT,Viewed,NULL,,07/06/2024 06:47,323
CUST-00350,09/29/2024,Sydney;Australia,Desktop-Windows,email campaign,ADDED TO CART,NULL,0,16/10/2024 10:12,414
CUST-00752,02-Mar-2024,Toronto;Canada,Desktop-macOS,direct,ADDED TO CART,NULL,no,2024-03-13 13:48:28,
CUST-00211,09-Dec-2024,Los Angeles;United States,mobile-ios,Affiliate,PURCHASED,USD 330.46,No,12/29/2024 05:03 PM,472
CUST-00996,2024-10-13,Chicago;United States,Tablet-iPadOS,Email Campaign,viewed,,No,2024-10-19 23:48:36,1703
CUST-01784,04/27/2024,Los Angeles;United States,Tablet-Android,Email  Campaign,Purchased,$283.47,No,2024-05-09T05:32:16,909
CUST-01054,07/14/2024,Manchester;United Kingdom,Mobile-Android,Referral,Added to Cart,N/A,,2024-07-26T18:37:11,856
CUST-01538,10/05/2024,London;United Kingdom,Mobile-Android,Direct,viewed,NULL,0,09/10/2024 11:08,924
CUST-00966,09-Oct-2024,Melbourne;Australia,Mobile-Android,referral,ADDED TO CART,NULL,false,30/10/2024 06:21,617
CUST-00243,2024-06-18,LONDON;United Kingdom,Mobile-iOS,google search,Viewed,N/A,no,2024-06-26T17:22:45,662
CUST-01448,11/02/2024,Sydney;Australia,Desktop-Windows,email campaign,PURCHASED,351.04,0,2024-11-19 07:15:13,895
CUST-01380,12-Mar-2024,Sydney;Australia,Mobile-iOS,DIRECT, Checkout ,NULL,N,15/03/2024 06:16,764
CUST-01338,2024-12-06,New York;United States,Desktop-macOS,Email Campaign,Viewed,,no,2024-12-13T23:32:05,1241
CUST-00041,2024-04-08,Dublin;Ireland,mobile-ios,Google  Search,ADDED TO CART,,,04/12/2024 02:29 PM,43
CUST-01279,2024-07-22,toronto;Canada,Tablet-iPadOS,Email  Campaign,Added to Cart,N/A,FALSE,08/09/2024 08:11 PM,305
CUST-00536,"Mar 12, 2024",Chicago;United States,Tablet-Android,Email  Campaign,viewed,,false,2024-03-30 08:00:37,628
CUST-01140,09/01/2024,Melbourne;Australia,Desktop-Windows,Google Search,added to cart,N/A,No,21/09/2024 14:17,1314
CUST-01264,"Feb 21, 2024",Birmingham;United Kingdom,desktop-windows,DIRECT, Viewed,NULL,false,2024-03-09T10:35:43,1618
CUST-00176,"Dec 31, 2024",New York;United States,Desktop-macOS,Instagram Ads,ADDED TO CART,,FALSE,2025-01-08 21:52:24,382
CUST-01237,"May 21, 2024",London;United Kingdom,Tablet-Android,Referral,Purchased ,£104.04,1,06/08/2024 06:48 PM,43
CUST-01402,"Aug 18, 2024",new york;United States,Desktop-macOS,Referral, Viewed,n/a,no,09/03/2024 06:26 PM,367
CUST-00174,2024-05-17,Chicago;United States,desktop-windows,instagram ads,Checkout,NULL,0,05/28/2024 01:17 AM,356
CUST-00037,2024-12-16,london;United Kingdom,Desktop-macOS,Affiliate,PURCHASED, $20.50 ,N,12/26/2024 02:51 AM,1463
CUST-01741,2024-03-23,Toronto;Canada,Desktop-Windows,Affiliate,checkout,n/a,false,24/03/2024 20:08,609
CUST-00171,07-Feb-2024,LONDON;United Kingdom,Mobile-iOS,instagram ads,Added to cart ,n/a,false,2024-02-22T04:36:27,1326
CUST-00554,"May 23, 2024",New York;United States,Desktop-macOS,facebook ads,CHECKOUT,N/A,no,06/02/2024 01:46 PM,393
CUST-00765,18-Mar-2024,Sydney;Australia,MOBILE-ANDROID,instagram ads,Added to cart ,n/a,0,2024-04-07T00:41:26,293
CUST-01761,2024-09-27,LONDON;United Kingdom,Tablet-iPadOS, Facebook Ads, Viewed,,N,2024-10-03 01:45:34,601
CUST-00740,28-Mar-2024,Birmingham;United Kingdom,Desktop-macOS,referral, Viewed,n/a,No,04/17/2024 02:45 AM,636
CUST-01141,05/09/2024,Dublin;Ireland,mobile-ios,google search,Added to cart ,,0,05/13/2024 02:36 AM,812
cust-00274,03/08/2024,Paris;France,Tablet-Android,email campaign,VIEWED,n/a,FALSE,2024-08-22 01:11:23,137
CUST-01721,"Aug 26, 2024",Chicago;United States,Mobile-iOS,facebook ads,viewed,,FALSE,2024-08-27 03:36:09,847
CUST-00357,"Nov 18, 2024",LONDON;United Kingdom,Tablet-iPadOS,Google  Search,checkout,NULL,0,11/19/2024 09:04 PM,1677
CUST-00253,12-Jul-2024,LONDON;United Kingdom,Tablet-Android,instagram ads,Added to cart ,n/a,,07/31/2024 01:18 AM,1252
CUST-01698,11/11/2024,new york;United States,Desktop-Windows,Direct,Checkout,NULL,FALSE,12/02/2024 03:27 PM,19
CUST-01073,"Dec 03, 2024",London;United Kingdom,desktop-windows,google search,viewed,N/A,FALSE,2024-12-22 07:00:51,449
CUST-01194,15-Jul-2024,Toronto;Canada,Mobile-Android,Google Search,checkout,n/a,no,07/20/2024 12:13 AM,33
CUST-01719,2024-08-03,London;United Kingdom,Mobile-Android,referral,added to cart,N/A,no,08/16/2024 08:48 PM,338
CUST-00296,24-Feb-2024,Toronto;Canada,Tablet-iPadOS,direct,viewed,N/A,FALSE,03/04/2024 12:15 PM,1243
CUST-00132,01/03/2024,Leeds;United Kingdom,desktop-windows,Instagram Ads,VIEWED,NULL,0,03/13/2024 02:26 AM,1033
CUST-01629,"Sep 22, 2024",Melbourne;Australia,Desktop-macOS,google search,checkout,n/a,FALSE,2024-10-08 10:01:36,99
CUST-01183,2024-06-05,london;United Kingdom,desktop-windows,google search, Viewed,NULL,false,2024-06-16T08:51:46,685
 CUST-00967,07-Jun-2024,Leeds;United Kingdom,mobile-ios,Google  Search,added to cart,n/a,,2024-06-10T20:44:03,127
CUST-00626,03/20/2024,manchester;United Kingdom,MOBILE-ANDROID,direct,Viewed,n/a,No,2024-03-20T19:07:52,1404
CUST-01739,07/24/2024,New York;United States,Mobile-Android,referral,Added to cart ,N/A,FALSE,13/08/2024 04:32,-5
CUST-00823,"Mar 12, 2024",manchester;United Kingdom,desktop-windows,Email  Campaign,added to cart,N/A,FALSE,01/04/2024 15:31,
CUST-01320,2024-09-05,Chicago;United States,desktop-windows,instagram ads,Added to cart ,,0,2024-09-26T18:59:46,462
CUST-00413,"Jul 18, 2024",Leeds;United Kingdom,mobile-ios, Facebook Ads,Added to cart ,NULL,no,2024-08-05 17:35:24,246
CUST-00022,2024-03-31,Birmingham;United Kingdom,Desktop-macOS,direct,viewed,n/a,No,2024-04-17 10:00:40,978
CUST-01774,04/07/2024,Manchester;United Kingdom,desktop-windows,Instagram Ads,Checkout,NULL,,2024-04-17T11:03:13,316
CUST-01112,"Jun 22, 2024",Dublin;Ireland,MOBILE-ANDROID,FACEBOOK ADS, Checkout ,N/A,,07/03/2024 04:36 AM,1789
CUST-00815,2024-02-12,Chicago;United States,Tablet-Android, Facebook Ads,checkout,,No,2024-02-20 15:22:45,1610
CUST-00793,17/09/2024,Paris;France,Desktop-macOS,facebook ads,Viewed,NULL,No,06/10/2024 19:04,431
CUST-00686,07/23/2024,Manchester;United Kingdom,desktop-windows,Email Campaign,VIEWED,n/a,FALSE,08/10/2024 11:20 PM,609
CUST-01635,2024-01-12,toronto;Canada,desktop-windows,FACEBOOK ADS,added to cart,N/A,false,17/01/2024 23:16,1111
CUST-01513,2024-09-17,Leeds;United Kingdom,Desktop-macOS,Google  Search,ADDED TO CART,N/A,0,2024-09-24T02:22:35,418
CUST-01771,2024-02-14,london;United Kingdom,Tablet-Android,referral,ADDED TO CART,NULL,,2024-02-26 13:24:36,1466
 CUST-00153,11-Apr-2024,Sydney;Australia,desktop-windows,Facebook Ads,viewed,n/a,,2024-04-26 16:22:06,1114
CUST-01010,04/05/2024,Birmingham;United Kingdom,mobile-ios,Google Search,viewed,NULL,No,2024-04-25 10:03:56,1361
CUST-00402,03-Dec-2024,Berlin;Germany,Tablet-iPadOS,Affiliate,Viewed,NULL,no,2024-12-14T09:09:45,597
CUST-00700,06/04/2024,Birmingham;United Kingdom,Desktop-Windows,instagram ads,VIEWED,,0,04/13/2024 10:55 PM,935
CUST-00003,"Oct 01, 2024",LONDON;United Kingdom,Tablet-Android,Email Campaign,VIEWED,N/A,false,2024-10-02 15:32:41,178
CUST-01574,07/21/2024,toronto;Canada,Mobile-Android,google search,added to cart,NULL,0,2024-08-06 03:31:44,1039
CUST-01587,24-Jan-2024,london;United Kingdom,MOBILE-ANDROID,Referral,VIEWED,n/a,no,02/04/2024 11:18 AM,877
CUST-00245,21/03/2024,manchester;United Kingdom,desktop-windows,Affiliate,ADDED TO CART,n/a,N,02/04/2024 14:25,
CUST-01542,11/27/2024,Paris;France,desktop-windows,facebook ads,Added to Cart,,false,10/12/2024 00:09,1322
CUST-01453,17-Jul-2024,manchester;United Kingdom,Desktop-Windows, Facebook Ads, Checkout ,N/A,false,31/07/2024 01:58,1365
CUST-01319,12-Apr-2024,Birmingham;United Kingdom,mobile-ios,google search,Added to Cart,N/A,0,2024-04-30 23:36:54,58
CUST-00146,"Dec 21, 2024",Chicago;United States,mobile-ios,Direct,VIEWED,NULL,FALSE,06/01/2025 23:18,1624
CUST-00822,07-Apr-2024,Birmingham;United Kingdom,Mobile-iOS,Email  Campaign,ADDED TO CART,NULL,0,2024-04-25T20:18:19,1552
CUST-01450,17/02/2024,toronto;Canada,desktop-windows,Email  Campaign,Viewed,n/a,0,2024-03-04T19:10:57,519
CUST-01050,24/12/2024,Toronto;Canada,Desktop-Windows,Email Campaign, Checkout ,n/a,false,24/12/2024 16:47,1628
CUST-00280,12/05/2024,Berlin;Germany,Tablet-iPadOS,Affiliate, Viewed,N/A,false,17/12/2024 00:59,1548
CUST-01227,"May 02, 2024",Birmingham;United Kingdom,Tablet-iPadOS,Facebook Ads, Viewed,NULL,0,05/02/2024 07:10 PM,1082
CUST-00126,27/06/2024,Dublin;Ireland,desktop-windows,referral,Added to Cart,,no,2024-07-07T01:19:09,521
CUST-01070,08/12/2024,Manchester;United Kingdom,mobile-ios,Affiliate,ADDED TO CART,NULL,,2024-12-21T17:40:08,1605
CUST-00817,2024-02-11,LONDON;United Kingdom,Mobile-iOS,direct,viewed,N/A,N,2024-02-26 13:45:23,409
CUST-00318,13/07/2024,Chicago;United States,mobile-ios,google search,viewed,,0,07/19/2024 02:35 PM,606
CUST-01733,19/02/2024,manchester;United Kingdom,Tablet-iPadOS,referral,added to cart,,no,2024-03-07T02:49:20,512
CUST-01118,"Nov 13, 2024",Birmingham;United Kingdom,mobile-ios,affiliate ,Added to Cart,NULL,0,2024-11-13 21:05:37,769
CUST-00314,15/06/2024,Sydney;Australia,desktop-windows,facebook ads, Viewed,n/a,0,2024-06-28 17:39:31,1708
CUST-01427,21-Apr-2024,Chicago;United States,Tablet-iPadOS,Google  Search,viewed,,no,2024-05-03T14:54:17,343
CUST-01243,04/25/2024,manchester;United Kingdom,mobile-ios,Email  Campaign,Added to Cart,N/A,no,29/04/2024 06:58,183
CUST-01025,2024-01-28,Toronto;Canada,mobile-ios,Referral,Added to Cart,N/A,FALSE,2024-02-10 20:22:52,189
CUST-01053,16-Sep-2024,Los Angeles;United States,Mobile-Android,email campaign,Purchased,USD 63.13,TRUE,01/10/2024 00:52,993
CUST-01260,16-Jun-2024,London;United Kingdom,Desktop-Windows,Direct,purchased,110.29,N,2024-06-17 15:35:44,308
CUST-01514,22-Feb-2024,Chicago;United States,desktop-windows,Email Campaign,Added to cart ,n/a,N,2024-02-24 12:41:03,1360
CUST-00177,2024-01-24,Melbourne;Australia,Desktop-Windows,Email Campaign,Added to Cart,n/a,No,01/30/2024 07:35 PM,769
CUST-00889,"Mar 04, 2024",Sydney;Australia,Tablet-Android,facebook ads,Viewed,N/A,,03/12/2024 04:57 PM,1494
CUST-01671,08/02/2024,london;United Kingdom,Tablet-iPadOS,Email Campaign,added to cart,NULL,0,26/02/2024 12:54,1504
CUST-00939,2024-11-06,New York;United States,Tablet-Android,Affiliate,Added to Cart,n/a,no,13/11/2024 21:47,1019
CUST-00959,"Feb 07, 2024",new york;United States,Desktop-macOS,email campaign,CHECKOUT,N/A,FALSE,2024-02-18T18:44:35,766
CUST-00981,"Feb 22, 2024",Dublin;Ireland,Mobile-Android,Google Search, Viewed,N/A,No,2024-02-24 04:30:13,1021
CUST-00652,2024-10-29,Chicago;United States,desktop-windows,direct,Viewed,,FALSE,11/06/2024 01:53 PM,964
CUST-01385,"Dec 21, 2024",LONDON;United Kingdom,Tablet-Android,instagram ads,checkout,N/A,N,01/03/2025 01:24 PM,403
CUST-00559,06/11/2024,Birmingham;United Kingdom,Mobile-iOS,google search,Viewed,NULL,FALSE,11/21/2024 11:53 AM,1465
CUST-01760,"Jan 13, 2024",Melbourne;Australia,Mobile-iOS,FACEBOOK ADS,added to cart,NULL,no,01/25/2024 06:56 AM,1685
CUST-00008,14/05/2024,Paris;France,Mobile-Android,Email Campaign,viewed,N/A,no,31/05/2024 00:13,1101
CUST-00905,"Aug 10, 2024",Dublin;Ireland,Desktop-Windows,Affiliate, Viewed,,no,2024-08-17 03:26:07,1636
CUST-00029,"Jan 03, 2024",New York;United States,mobile-ios,referral,Added to Cart,NULL,No,2024-01-20T05:52:50,1234
CUST-00535,2024-05-11,Manchester;United Kingdom,Tablet-Android,Email Campaign,Added to cart ,,No,2024-05-17 10:16:28,1618
CUST-01099,12/01/2024,Melbourne;Australia,Desktop-macOS,facebook ads,Checkout,NULL,false,05/12/2024 22:24,739
CUST-01415,14/01/2024,New York;United States,Tablet-iPadOS,affiliate ,Added to cart ,n/a,,2024-01-20T00:30:57,589
CUST-01014,"Aug 27, 2024",Manchester;United Kingdom,MOBILE-ANDROID,Referral,VIEWED,N/A,FALSE,17/09/2024 02:11,
CUST-00962,04/21/2024,Toronto;Canada,Mobile-iOS,direct, Checkout ,NULL,0,07/05/2024 15:14,1717
CUST-00514,2024-06-06,Manchester;United Kingdom,Desktop-macOS,Google Search,CHECKOUT,,No,2024-06-23T23:59:10,-9
CUST-01718,2024-11-18,Chicago;United States,mobile-ios,DIRECT,Added to Cart,NULL,No,05/12/2024 13:08,544
CUST-01127,12-Nov-2024,LONDON;United Kingdom,Desktop-macOS,google search,viewed,n/a,,12/02/2024 12:09 PM,1744
CUST-00928,2024-06-07,LONDON;United Kingdom,Mobile-Android,Instagram Ads,VIEWED,N/A,,28/06/2024 00:41,21
CUST-00446,05-May-2024,Sydney;Australia,MOBILE-ANDROID,Google Search, Viewed,NULL,0,05/25/2024 12:31 PM,1592
CUST-00945,07/08/2024,Los Angeles;United States,mobile-ios,affiliate , Checkout ,,0,12/07/2024 11:47,1158
CUST-00741,"Jun 30, 2024",Los Angeles;United States,desktop-windows,affiliate , Checkout ,,0,08/07/2024 00:28,54
CUST-00363,2024-09-12,Los Angeles;United States,Desktop-macOS,direct,Purchased,USD 284.23,0,29/09/2024 08:17,1646
CUST-00702,17-May-2024,Leeds;United Kingdom,Desktop-Windows,Google  Search,purchased, $221.72 ,no,2024-05-29T03:18:15,675
CUST-00527,"Sep 10, 2024",london;United Kingdom,Desktop-macOS,Google Search,viewed,N/A,false,2024-09-26 02:36:46,1769
CUST-01286,14/01/2024,london;United Kingdom,Tablet-Android,DIRECT,Purchased ,£246.23,false,15/01/2024 23:46,482
CUST-00319,2024-03-08,new york;United States,Mobile-iOS,DIRECT,Added to Cart,NULL,No,2024-03-12T22:23:08,1246
CUST-00902,09/05/2024,Berlin;Germany,Tablet-iPadOS,Direct,VIEWED,NULL,No,05/26/2024 11:11 PM,1363
CUST-01613,2024-07-11,Leeds;United Kingdom,desktop-windows,email campaign,Purchased ,108.80,No,07/25/2024 02:17 AM,788
CUST-00874,2024-09-05,New York;United States,desktop-windows,Instagram Ads,added to cart,N/A,no,2024-09-07 10:32:06,1202
CUST-01325,"May 16, 2024",Birmingham;United Kingdom,MOBILE-ANDROID,instagram ads,added to cart,NULL,FALSE,2024-05-21T12:49:53,353
CUST-00040,"Aug 31, 2024",Melbourne;Australia,Mobile-iOS,FACEBOOK ADS,PURCHASED,USD 220.87,true,09/12/2024 04:30 PM,642
CUST-01744,01/10/2024,Manchester;United Kingdom,Tablet-iPadOS,affiliate , Viewed,n/a,no,2024-01-19T12:54:10,1434
CUST-01765,13-Oct-2024,toronto;Canada,Desktop-macOS,Instagram Ads,viewed,NULL,false,2024-10-30T19:42:23,549
CUST-00027,"Aug 26, 2024",Leeds;United Kingdom,Tablet-Android,Referral,viewed,,no,09/06/2024 03:05 PM,496
 CUST-00837,"Sep 09, 2024",Dublin;Ireland,Mobile-Android,facebook ads,Purchased ,$18.11,no,19/09/2024 20:51,30
CUST-01420,20/08/2024,New York;United States,Tablet-iPadOS,Google Search,viewed,NULL,FALSE,02/09/2024 19:20,1062
CUST-00555,2024-06-20,Manchester;United Kingdom,Mobile-iOS,Affiliate,viewed,n/a,no,07/06/2024 06:04 AM,1253
CUST-00282,03/10/2024,Berlin;Germany,Tablet-Android,Facebook Ads, Viewed,NULL,no,2024-03-10T16:31:13,1646
CUST-01728,08/03/2024,Paris;France,Mobile-iOS,Referral,Viewed,,,03/13/2024 06:40 PM,1536
CUST-01776,11/15/2024,Birmingham;United Kingdom,mobile-ios,email campaign,ADDED TO CART,n/a,no,11/30/2024 10:40 AM,1544
CUST-01031,08/24/2024,LONDON;United Kingdom,Mobile-iOS,Email Campaign,ADDED TO CART,NULL,no,2024-08-28T14:20:40,65
 CUST-00749,08/06/2024,New York;United States,Desktop-macOS,Affiliate,ADDED TO CART,N/A,No,22/08/2024 16:28,68
 CUST-01606,2024-08-09,LONDON;United Kingdom,Desktop-Windows,DIRECT,Viewed,,,08/14/2024 11:16 AM,932
CUST-00852,2024-05-09,Sydney;Australia,Desktop-macOS,Direct,ADDED TO CART,NULL,no,05/14/2024 02:28 AM,994
CUST-00530,05-Jan-2024,Manchester;United Kingdom,mobile-ios,Direct, Viewed,N/A,N,01/07/2024 02:11 PM,122
CUST-00597,19/10/2024,Dublin;Ireland,desktop-windows,Google  Search, Viewed,,,2024-11-08T12:39:23,1506
CUST-00109,2024-11-15,manchester;United Kingdom,Mobile-Android,Direct,ADDED TO CART,N/A,No,2024-11-28T18:14:50,295
CUST-01134,03/06/2024,Birmingham;United Kingdom,Desktop-macOS,DIRECT,viewed,,0,03/06/2024 03:23 PM,1636
CUST-01182,12/05/2024,Dublin;Ireland,mobile-ios,direct,Added to cart ,n/a,N,2024-12-07 09:06:05,1115
CUST-00864,02-Sep-2024,Sydney;Australia,mobile-ios,Instagram Ads,VIEWED,NULL,,2024-09-04T12:23:15,1165
CUST-00343,17-May-2024,Toronto;Canada,Mobile-iOS,facebook ads,VIEWED,,FALSE,2024-05-27 20:57:29,1774
CUST-00163,"Jan 02, 2024",Toronto;Canada,Mobile-Android,Affiliate,added to cart,NULL,no,01/09/2024 12:23 AM,1174
CUST-01710,2024-03-07,Dublin;Ireland,mobile-ios,Affiliate,VIEWED,N/A,No,11/03/2024 21:40,22
CUST-01062,"May 14, 2024",LONDON;United Kingdom,mobile-ios, Facebook Ads,Viewed,N/A,FALSE,19/05/2024 13:58,715
CUST-01353,06-May-2024,Birmingham;United Kingdom,Mobile-iOS,referral,VIEWED,N/A,N,13/05/2024 08:16,1580
CUST-00326,30/08/2024,Berlin;Germany,mobile-ios,DIRECT,VIEWED,NULL,,2024-09-16T09:17:40,1082
CUST-00309,23/05/2024,Chicago;United States,desktop-windows,Google Search,checkout,NULL,No,04/06/2024 13:12,1254
CUST-01464,"Apr 11, 2024",london;United Kingdom,Tablet-iPadOS,affiliate ,Viewed,NULL,,2024-05-01 02:43:09,135
CUST-01519,20/09/2024,Birmingham;United Kingdom,Tablet-iPadOS,google search,checkout,n/a,no,09/21/2024 11:24 PM,352
cust-01586,"Feb 09, 2024",Toronto;Canada,MOBILE-ANDROID,google search,checkout,NULL,N,26/02/2024 17:30,1094
CUST-01435,21/01/2024,Melbourne;Australia,desktop-windows,Affiliate,Purchased, $55.80 ,no,01/24/2024 06:38 AM,576
CUST-01122,24-Jun-2024,Chicago;United States,Desktop-Windows,Google Search,Added to Cart,NULL,FALSE,2024-07-15 05:49:52,317
CUST-00342,"Feb 13, 2024",Melbourne;Australia,desktop-windows,google search, Checkout ,n/a,No,2024-02-17T03:59:45,1749
CUST-00912,2024-11-13,Birmingham;United Kingdom,mobile-ios,email campaign,added to cart,NULL,,11/26/2024 02:08 PM,1638
CUST-01097,2024-03-27,toronto;Canada,Desktop-macOS,Instagram Ads,ADDED TO CART,,false,2024-03-31 17:04:39,388
CUST-01796,15-Aug-2024,LONDON;United Kingdom,Mobile-Android,Google  Search,viewed,,false,08/22/2024 06:03 AM,920
CUST-01006,2024-03-29,manchester;United Kingdom,MOBILE-ANDROID,FACEBOOK ADS,Added to Cart,n/a,FALSE,2024-03-31 18:46:59,
CUST-01559,2024-10-19,Sydney;Australia,MOBILE-ANDROID,Facebook Ads,viewed,n/a,N,2024-10-28T15:31:16,81
CUST-01147,13/04/2024,Sydney;Australia,desktop-windows,DIRECT,Added to cart ,,FALSE,2024-05-04T04:48:37,1019
CUST-01271,05/08/2024,Berlin;Germany,mobile-ios, Facebook Ads, Viewed,,N,09/08/2024 07:09,230
CUST-00586,"Aug 09, 2024",Chicago;United States,Mobile-Android,email campaign,added to cart,NULL,N,2024-08-15T05:15:45,977
CUST-00647,09/02/2024,Melbourne;Australia,mobile-ios,Email Campaign,checkout,n/a,No,2024-02-22T00:03:45,172
CUST-01763,14/12/2024,New York;United States,Desktop-macOS,Instagram Ads,Viewed,n/a,FALSE,28/12/2024 19:57,727
CUST-00930,"Jun 21, 2024",New York;United States,Tablet-Android,email campaign,Checkout,,FALSE,10/07/2024 14:59,434
CUST-00373,"Jul 15, 2024",london;United Kingdom,Desktop-macOS,Email  Campaign,Added to Cart,N/A,No,22/07/2024 16:18,1525
CUST-00573,"Mar 14, 2024",New York;United States,MOBILE-ANDROID,Instagram Ads,checkout,NULL,false,2024-03-15T09:04:46,1372
CUST-00911,30-Sep-2024,Manchester;United Kingdom,Tablet-iPadOS,instagram ads,VIEWED,,no,2024-10-04T10:56:27,527
CUST-00949,27/09/2024,Manchester;United Kingdom,Desktop-Windows,instagram ads,Added to cart ,n/a,false,05/10/2024 22:41,1566
CUST-01337,"Apr 14, 2024",LONDON;United Kingdom,Tablet-iPadOS,Facebook Ads,ADDED TO CART,n/a,No,04/22/2024 11:29 PM,1439
CUST-00478,21-Dec-2024,Chicago;United States,Desktop-macOS,Email Campaign,Purchased,$230.73,false,2024-12-26T14:01:03,1519
CUST-01047,01/07/2024,Sydney;Australia,Desktop-Windows,Affiliate,checkout,n/a,FALSE,10/07/2024 09:07,296
CUST-00298,2024-08-17,london;United Kingdom,Desktop-Windows,Facebook Ads,ADDED TO CART,,no,22/08/2024 07:27,
CUST-00258,07-Mar-2024,London;United Kingdom,desktop-windows,referral,Added to cart ,N/A,,2024-03-18T03:58:18,1574
CUST-01146,2024-01-01,new york;United States,mobile-ios,direct,Viewed,,FALSE,2024-01-19T15:59:28,198
CUST-00114,12/14/2024,Berlin;Germany,MOBILE-ANDROID,Instagram Ads,CHECKOUT,n/a,false,2024-12-19T09:25:19,1643
CUST-00087,"Dec 13, 2024",Melbourne;Australia,Desktop-Windows,Direct,purchased,£363.55,N,2024-12-27T12:46:06,225
CUST-00856,25-Jan-2024,Manchester;United Kingdom,Tablet-Android,Referral,added to cart,,no,02/07/2024 04:13 AM,1729
CUST-00355,"Dec 24, 2024",London;United Kingdom,Tablet-Android,Referral,Checkout,N/A,N,2025-01-01T16:00:31,750
CUST-00327,10-Jun-2024,London;United Kingdom,MOBILE-ANDROID,affiliate ,VIEWED,,No,2024-06-16 19:12:48,1109
CUST-00175,2024-02-22,New York;United States,Tablet-Android,Facebook Ads,added to cart,,0,2024-03-01T14:53:43,1771
CUST-00984,25/07/2024,toronto;Canada,Tablet-Android,Google Search,Viewed,n/a,,2024-07-25T19:04:32,1736
CUST-00051,"Feb 05, 2024",Chicago;United States,Tablet-Android,instagram ads,VIEWED,n/a,,2024-02-17T22:03:28,1006
CUST-01675,"Nov 12, 2024",Chicago;United States,Tablet-iPadOS,instagram ads,VIEWED,NULL,no,27/11/2024 09:08,664
CUST-01502,2024-12-28,London;United Kingdom,Desktop-Windows,direct,VIEWED,,0,09/01/2025 21:23,799
CUST-01707,2024-04-27,Berlin;Germany,Tablet-Android,email campaign,added to cart,N/A,N,05/09/2024 07:29 PM,502
CUST-00231,2024-12-10,Melbourne;Australia,Tablet-iPadOS,affiliate ,viewed,NULL,N,2024-12-22 04:26:16,1213
CUST-00301,26-Apr-2024,London;United Kingdom,desktop-windows,facebook ads,purchased,£157.17,true,2024-05-12T13:46:01,1193
CUST-01249,"Sep 27, 2024",manchester;United Kingdom,MOBILE-ANDROID,email campaign,VIEWED,n/a,FALSE,10/06/2024 02:20 PM,1047
CUST-01329,14/05/2024,Melbourne;Australia,Mobile-iOS,Direct,Viewed,NULL,,05/28/2024 07:02 AM,863
CUST-00774,08/16/2024,Melbourne;Australia,Desktop-Windows,google search,ADDED TO CART,NULL,,23/08/2024 11:44,698
CUST-01184,11/22/2024,toronto;Canada,Desktop-Windows, Facebook Ads,viewed,N/A,no,06/12/2024 15:37,908
CUST-00323,"Sep 27, 2024",Los Angeles;United States,desktop-windows,email campaign,ADDED TO CART,N/A,FALSE,2024-10-09T03:11:31,1023
CUST-01222,07/01/2024,manchester;United Kingdom,desktop-windows,Facebook Ads,Viewed,,FALSE,2024-01-12 14:35:35,-69
CUST-00149,2024-10-31,Manchester;United Kingdom,MOBILE-ANDROID,Email  Campaign,Added to cart ,n/a,,2024-11-10 03:14:07,-34
cust-01597,2024-10-21,Los Angeles;United States,Tablet-iPadOS,Email  Campaign,Added to Cart,N/A,0,10/22/2024 05:22 AM,629
CUST-01205,02-Apr-2024,London;United Kingdom,Desktop-macOS,Instagram Ads,ADDED TO CART,NULL,,04/02/2024 07:32 PM,811
CUST-00474,2024-02-01,Los Angeles;United States,desktop-windows,FACEBOOK ADS,Purchased ,USD 189.73,No,2024-02-20 02:05:23,891
CUST-01715,26/07/2024,Paris;France,Mobile-iOS,google search,Viewed,N/A,no,2024-08-15 06:11:29,979
CUST-00487,12/11/2024,Los Angeles;United States,Desktop-Windows,Google  Search,viewed,n/a,N,12/27/2024 09:59 PM,842
 CUST-01509,26-Mar-2024,toronto;Canada,Tablet-iPadOS,FACEBOOK ADS, Viewed,,,04/02/2024 10:40 PM,905
CUST-00397,31/08/2024,London;United Kingdom,Tablet-iPadOS, Facebook Ads,Added to Cart,,No,2024-09-08T23:22:41,1533
CUST-01579,04/11/2024,toronto;Canada,MOBILE-ANDROID,FACEBOOK ADS,viewed,N/A,,2024-11-25 07:19:37,133
 CUST-01603,24-Mar-2024,Toronto;Canada,Desktop-Windows,Referral,Viewed,N/A,FALSE,2024-04-02T22:22:07,1245
CUST-00152,04/05/2024,Dublin;Ireland,mobile-ios,email campaign, Viewed,N/A,,13/05/2024 09:47,825
CUST-00374,25/12/2024,Chicago;United States,Desktop-macOS,instagram ads,PURCHASED, $165.17 ,N,01/04/2025 07:38 AM,1393
CUST-00784,02-Mar-2024,LONDON;United Kingdom,Tablet-Android,direct,viewed,N/A,FALSE,18/03/2024 14:35,
CUST-00235,12/04/2024,Los Angeles;United States,Desktop-Windows,Google Search,VIEWED,N/A,,2024-04-23 22:43:13,1276
CUST-00336,"Jun 03, 2024",toronto;Canada,desktop-windows,Instagram Ads,viewed,NULL,0,06/05/2024 04:23 AM,897
CUST-00975,18/11/2024,Melbourne;Australia,desktop-windows,Google Search,CHECKOUT,,0,2024-11-28T03:59:54,134
CUST-01228,"May 11, 2024",LONDON;United Kingdom,Mobile-iOS, Facebook Ads, Viewed,n/a,false,30/05/2024 02:30,1315
CUST-00894,12/05/2024,london;United Kingdom,desktop-windows,Direct,viewed,NULL,0,2024-12-25 22:24:52,645
CUST-00937,17/08/2024,Melbourne;Australia,Desktop-Windows,email campaign,Checkout,N/A,0,2024-08-23T22:28:10,201
CUST-00068,"Jan 16, 2024",toronto;Canada,desktop-windows, Facebook Ads,Added to Cart,,no,29/01/2024 01:12,1311
CUST-01253,24-Oct-2024,Melbourne;Australia,Mobile-iOS,Direct,ADDED TO CART,n/a,FALSE,2024-11-11 18:22:01,1136
CUST-01614,29-Apr-2024,LONDON;United Kingdom,mobile-ios,Google  Search,Purchased ,$325.62,No,2024-05-17 00:49:16,1789
CUST-01322,"May 24, 2024",Los Angeles;United States,mobile-ios,Google  Search, Viewed,n/a,no,06/12/2024 07:23 AM,956
CUST-00428,03/03/2024,Manchester;United Kingdom,Desktop-macOS,Google Search,Added to cart ,NULL,false,03/23/2024 11:21 PM,
CUST-01197,"May 04, 2024",Paris;France,Desktop-macOS,Google  Search,Added to Cart,NULL,no,2024-05-20 23:31:16,1637
CUST-00425,"Sep 21, 2024",Birmingham;United Kingdom,Desktop-macOS,Referral,viewed,NULL,N,25/09/2024 11:23,978
CUST-00115,"Oct 20, 2024",toronto;Canada,Desktop-macOS,Google Search,CHECKOUT,NULL,false,2024-10-26T06:46:37,570
CUST-01731,08/09/2024,manchester;United Kingdom,Mobile-iOS,Facebook Ads,ADDED TO CART,,no,2024-08-12 14:38:42,804
CUST-00354,08-Aug-2024,Manchester;United Kingdom,Tablet-iPadOS,instagram ads,CHECKOUT,NULL,N,2024-08-27T10:57:04,92
CUST-01758,2024-01-19,Dublin;Ireland,desktop-windows,email campaign,added to cart,n/a,No,2024-01-27 12:57:24,140
CUST-01389,01/05/2024,Chicago;United States,Mobile-Android,email campaign,VIEWED,N/A,0,2024-01-06T22:35:43,1262
CUST-00698,"Dec 18, 2024",Birmingham;United Kingdom,Mobile-iOS,Email Campaign,Purchased, $261.29 ,Y,2024-12-22 15:24:12,56
CUST-00138,"Jul 12, 2024",london;United Kingdom,Mobile-iOS,google search,ADDED TO CART,,FALSE,2024-08-01 10:07:23,1432
CUST-01478,02/22/2024,Chicago;United States,MOBILE-ANDROID,Email Campaign,Checkout,n/a,no,2024-03-03T22:38:54,1302
CUST-00049,01/27/2024,Dublin;Ireland,mobile-ios,Email Campaign,Added to Cart,,false,09/02/2024 06:24,43
CUST-01762,01-Jul-2024,Sydney;Australia,Tablet-iPadOS,instagram ads,CHECKOUT,NULL,false,07/21/2024 05:10 AM,1177
CUST-01318,01/01/2024,london;United Kingdom,Desktop-macOS,direct,Checkout,,false,2024-01-06 07:32:57,1192
CUST-00885,"Jan 13, 2024",Leeds;United Kingdom,Mobile-iOS,Google  Search,added to cart,NULL,,26/01/2024 01:27,515
CUST-00077,2024-01-22,Melbourne;Australia,Mobile-Android,email campaign, Viewed,NULL,no,2024-01-25T01:52:56,1656
CUST-01543,10/14/2024,Melbourne;Australia,Mobile-iOS,Instagram Ads,viewed,N/A,N,2024-10-17 08:53:12,1312
CUST-00938,2024-12-21,New York;United States,Tablet-Android, Facebook Ads, Viewed,N/A,N,01/01/2025 05:36,273
CUST-00214,"Jan 30, 2024",new york;United States,MOBILE-ANDROID,google search,viewed,NULL,,2024-02-15 06:10:17,894
CUST-00821,2024-08-16,Chicago;United States,Desktop-macOS,FACEBOOK ADS,VIEWED,NULL,no,2024-08-31T20:26:12,1016
CUST-00048,"Sep 10, 2024",Dublin;Ireland,Mobile-iOS,DIRECT,Purchased ,$391.24,FALSE,2024-09-20T06:29:37,1290
CUST-01386,"Dec 27, 2024",Leeds;United Kingdom,mobile-ios,Google  Search, Viewed,n/a,no,28/12/2024 17:58,674
CUST-00691,08/05/2024,Los Angeles;United States,Tablet-Android, Facebook Ads, Checkout ,n/a,no,08/23/2024 02:10 PM,1739
CUST-00768,01-Jun-2024,Melbourne;Australia,mobile-ios,FACEBOOK ADS,VIEWED,n/a,N,06/09/2024 07:32 AM,1213
CUST-00910,2024-10-04,LONDON;United Kingdom,mobile-ios, Facebook Ads,Viewed,N/A,N,10/21/2024 09:58 AM,939
CUST-01156,04/25/2024,Sydney;Australia,Desktop-Windows,Facebook Ads,added to cart,N/A,No,04/26/2024 08:55 PM,1495
CUST-00128,21-Oct-2024,Chicago;United States,MOBILE-ANDROID,Email Campaign,viewed,NULL,no,2024-10-27 07:36:39,1520
CUST-01581,11-Jan-2024,Manchester;United Kingdom,Tablet-iPadOS,affiliate , Viewed,,,2024-01-28T18:11:09,1270
CUST-01510,01/13/2024,Sydney;Australia,Desktop-Windows,affiliate ,Viewed,,,17/01/2024 20:28,1790
cust-01405,"Apr 29, 2024",london;United Kingdom,Mobile-Android,DIRECT,PURCHASED,367.30,Yes,2024-05-10T09:35:17,1435
CUST-00377,06/24/2024,Berlin;Germany,Tablet-Android,Affiliate,PURCHASED,89.71,yes,07/15/2024 04:52 PM,738
CUST-00036,2024-03-24,London;United Kingdom,Desktop-Windows,affiliate , Viewed,NULL,false,2024-03-28 16:19:28,512
CUST-01153,02-Jul-2024,toronto;Canada,MOBILE-ANDROID,email campaign,Added to cart ,,No,07/10/2024 01:00 AM,962
CUST-01165,08/04/2024,Birmingham;United Kingdom,Tablet-iPadOS,email campaign,viewed,N/A,No,07/08/2024 10:13,294
CUST-00292,16/09/2024,London;United Kingdom,Desktop-macOS,Instagram Ads, Checkout ,N/A,FALSE,2024-10-01T02:48:01,594
CUST-01354,2024-03-05,London;United Kingdom,Mobile-iOS,FACEBOOK ADS, Checkout ,NULL,No,2024-03-23 12:39:10,1350
CUST-01477,01/04/2024,Manchester;United Kingdom,Desktop-macOS,Referral,Viewed,NULL,FALSE,2024-01-09 18:53:56,1758
CUST-00773,14-Jan-2024,Birmingham;United Kingdom,Mobile-iOS,email campaign,Added to Cart,NULL,,02/02/2024 07:51 AM,736
CUST-01159,02-Feb-2024,New York;United States,Mobile-iOS,Facebook Ads,ADDED TO CART,,No,2024-02-18 19:24:08,697
CUST-00820,25-Jun-2024,London;United Kingdom,Desktop-Windows,Email Campaign,Viewed,,N,07/05/2024 08:45 PM,1562
CUST-00501,"Mar 26, 2024",Paris;France,Mobile-Android,email campaign,added to cart,NULL,0,28/03/2024 14:36,370
CUST-01520,"Jul 08, 2024",Manchester;United Kingdom,MOBILE-ANDROID,Facebook Ads, Viewed,N/A,N,2024-07-19T20:54:58,31
CUST-01422,04/07/2024,Melbourne;Australia,Mobile-iOS,Referral,added to cart,N/A,N,04/14/2024 09:19 AM,1743
CUST-00365,02/10/2024,London;United Kingdom,Tablet-iPadOS,referral,Added to cart ,n/a,0,10/06/2024 11:24 AM,481
CUST-01065,09/02/2024,Leeds;United Kingdom,mobile-ios,DIRECT,Added to cart ,,0,2024-02-18T12:03:21,616
CUST-00060,"May 31, 2024",Birmingham;United Kingdom,MOBILE-ANDROID,Google Search,VIEWED,n/a,,06/03/2024 11:53 PM,1666
CUST-00073,04/01/2024,toronto;Canada,Mobile-Android,Google Search,Viewed,,false,15/01/2024 13:36,337
CUST-01621,11/06/2024,Melbourne;Australia,Desktop-Windows,Direct,Purchased ,$199.90,false,2024-06-20T11:17:28,960
CUST-01390,2024-04-23,London;United Kingdom,desktop-windows,Email Campaign,viewed,N/A,No,2024-05-09T16:31:34,323
CUST-00539,18-May-2024,Manchester;United Kingdom,Tablet-Android,direct,ADDED TO CART,n/a,,23/05/2024 23:32,35
CUST-00127,2024-04-06,Sydney;Australia,Mobile-iOS,Instagram Ads,Purchased,$121.46,No,17/04/2024 16:06,301
CUST-01231,2024-12-21,Birmingham;United Kingdom,mobile-ios,referral,Added to cart ,n/a,,12/28/2024 05:05 PM,1717
CUST-01482,"Nov 07, 2024",London;United Kingdom,desktop-windows,FACEBOOK ADS, Viewed,n/a,0,17/11/2024 14:46,775
CUST-01181,19-May-2024,New York;United States,mobile-ios,FACEBOOK ADS,Viewed,N/A,,2024-05-23 01:53:41,171
CUST-00393,04-Nov-2024,Leeds;United Kingdom,mobile-ios,Email  Campaign,CHECKOUT,n/a,no,07/11/2024 17:28,1693
CUST-00840,28/01/2024,new york;United States,MOBILE-ANDROID,referral,CHECKOUT,N/A,0,2024-02-18T03:35:12,815
CUST-01000,20-Sep-2024,Toronto;Canada,desktop-windows,google search,VIEWED,NULL,0,09/22/2024 12:10 AM,865
CUST-00281,25-Sep-2024,Los Angeles;United States,Desktop-macOS,Referral,Added to cart ,n/a,no,10/04/2024 06:17 PM,
CUST-01324,23-Jun-2024,Dublin;Ireland,Tablet-iPadOS,Facebook Ads, Viewed,N/A,No,29/06/2024 12:38,1162
CUST-01792,15-Jun-2024,Leeds;United Kingdom,Tablet-iPadOS,DIRECT,viewed,n/a,no,2024-07-01 12:19:17,641
CUST-00444,2024-02-22,Paris;France,Mobile-Android,google search,viewed,n/a,No,03/09/2024 08:28 AM,1035
CUST-00639,11/10/2024,new york;United States,Tablet-iPadOS,DIRECT,viewed,N/A,false,2024-10-14T17:16:19,408
CUST-01747,08-Aug-2024,Manchester;United Kingdom,mobile-ios,Google  Search, Viewed,n/a,,2024-08-13T22:34:54,1155
CUST-01241,"Apr 14, 2024",london;United Kingdom,Tablet-Android,Referral, Viewed,NULL,No,2024-04-18 18:40:49,662
CUST-01104,"Jul 20, 2024",toronto;Canada,mobile-ios,email campaign,Checkout,,0,2024-07-25T05:52:07,816
CUST-01642,2024-03-11,LONDON;United Kingdom,Mobile-Android,Google  Search,Viewed,n/a,0,03/29/2024 02:32 PM,178
CUST-01021,2024-11-14,Los Angeles;United States,MOBILE-ANDROID,direct,purchased,213.07,N,11/17/2024 11:47 AM,61
CUST-01024,07/02/2024,Dublin;Ireland,Desktop-macOS,Direct,added to cart,,no,2024-07-22 22:00:49,67
 CUST-00014,"May 01, 2024",Berlin;Germany,Tablet-iPadOS,Google  Search,Viewed,N/A,0,2024-05-01T07:03:18,946
CUST-00878,"Aug 19, 2024",Toronto;Canada,Desktop-macOS,Direct,Purchased ,53.92,yes,08/26/2024 07:47 PM,1763
CUST-01556,2024-05-29,new york;United States,desktop-windows,facebook ads,Viewed,N/A,no,2024-05-31 12:27:35,638
CUST-01446,22/09/2024,manchester;United Kingdom,mobile-ios,instagram ads,added to cart,N/A,No,06/10/2024 09:07,1356
CUST-00435,2024-08-10,London;United Kingdom,desktop-windows, Facebook Ads,Added to cart ,NULL,,2024-08-24T19:27:21,1278
CUST-00836,"Dec 23, 2024",london;United Kingdom,Mobile-iOS,Instagram Ads,viewed,N/A,FALSE,12/30/2024 03:12 AM,825
CUST-00259,08/05/2024,Berlin;Germany,MOBILE-ANDROID,FACEBOOK ADS,Added to cart ,n/a,No,2024-08-05 06:52:28,29
CUST-00105,08/25/2024,manchester;United Kingdom,Desktop-macOS,email campaign,VIEWED,NULL,No,09/10/2024 12:25 PM,510
CUST-00682,2024-04-24,toronto;Canada,MOBILE-ANDROID,DIRECT,ADDED TO CART,n/a,No,2024-05-12 03:02:23,1786
CUST-01190,"Nov 19, 2024",Birmingham;United Kingdom,desktop-windows,DIRECT,Purchased,$15.36,true,30/11/2024 13:44,1261
CUST-01684,02/01/2024,Manchester;United Kingdom,desktop-windows,affiliate ,Viewed,NULL,no,01/19/2024 02:07 AM,1741
CUST-00664,"Sep 20, 2024",Sydney;Australia,Desktop-macOS,Google Search,ADDED TO CART,,no,10/09/2024 10:16 PM,1494
CUST-00758,2024-07-06,Berlin;Germany,Tablet-iPadOS,affiliate ,purchased,$113.12,false,07/15/2024 12:20 PM,478
CUST-00760,2024-07-16,Leeds;United Kingdom,mobile-ios,Facebook Ads,checkout,NULL,no,2024-07-17T04:00:21,1302
CUST-00526,"Apr 22, 2024",manchester;United Kingdom,Desktop-Windows,Google Search,Viewed,n/a,no,2024-05-03 11:11:54,1190
CUST-00009,2024-09-07,Toronto;Canada,Desktop-Windows,Instagram Ads,Added to Cart,,false,2024-09-17 08:42:32,272
CUST-01661,15/10/2024,London;United Kingdom,Desktop-Windows,facebook ads,added to cart,n/a,,10/17/2024 03:21 PM,970
CUST-00509,"Sep 03, 2024",Sydney;Australia,Mobile-Android,Email Campaign,viewed,N/A,no,2024-09-11T02:43:16,1166
CUST-00723,20/06/2024,Manchester;United Kingdom,desktop-windows,affiliate , Viewed,NULL,No,2024-07-04 05:53:40,1284
CUST-01627,09/02/2024,London;United Kingdom,mobile-ios,Email  Campaign, Checkout ,n/a,FALSE,2024-02-27 03:24:14,1094
CUST-01142,2024-09-02,Manchester;United Kingdom,Tablet-Android,facebook ads,Added to cart ,n/a,N,19/09/2024 23:54,-86
CUST-00859,"Dec 06, 2024",toronto;Canada,Tablet-Android,Instagram Ads,viewed,,N,2024-12-09 23:01:16,928
CUST-00581,11/29/2024,Melbourne;Australia,mobile-ios,email campaign,Added to cart ,,false,2024-12-16T07:03:08,1257
 CUST-00607,"Jun 17, 2024",Chicago;United States,MOBILE-ANDROID,Affiliate,purchased,59.77,false,2024-06-18T21:46:59,1680
CUST-00791,"Aug 06, 2024",toronto;Canada,Mobile-Android,Referral, Checkout ,n/a,0,08/23/2024 08:43 AM,1095
CUST-00747,12-Oct-2024,Birmingham;United Kingdom,Tablet-Android,FACEBOOK ADS, Viewed,N/A,,2024-10-13T17:05:23,1528
CUST-00055,12/11/2024,Los Angeles;United States,MOBILE-ANDROID,FACEBOOK ADS,Checkout,NULL,No,11/26/2024 09:29 PM,1645
CUST-01295,23-Feb-2024,London;United Kingdom,MOBILE-ANDROID,affiliate ,viewed,N/A,N,13/03/2024 19:28,1179
CUST-01632,2024-04-10,Chicago;United States,MOBILE-ANDROID,facebook ads,ADDED TO CART,,0,2024-04-19 10:57:54,112
CUST-01344,09-Jan-2024,Manchester;United Kingdom,Tablet-iPadOS,facebook ads,viewed,NULL,No,01/23/2024 04:44 PM,1659
CUST-00486,01/04/2024,new york;United States,Mobile-Android,Email  Campaign,VIEWED,,,07/04/2024 13:04,93
CUST-01330,"Jul 17, 2024",Dublin;Ireland,Mobile-Android,Email  Campaign,Viewed,n/a,,2024-07-28 08:30:49,988
CUST-01109,"Mar 05, 2024",Manchester;United Kingdom,Mobile-Android,Email  Campaign,viewed,,No,2024-03-09T00:02:23,1340
CUST-00307,02/25/2024,toronto;Canada,MOBILE-ANDROID,Direct,ADDED TO CART,NULL,,2024-03-08 17:41:40,952
CUST-00346,11/15/2024,Berlin;Germany,Mobile-Android,Google Search,ADDED TO CART,n/a,No,11/28/2024 03:59 AM,1533
CUST-00316,09-Nov-2024,manchester;United Kingdom,Tablet-iPadOS,DIRECT,added to cart,N/A,0,11/17/2024 08:59 PM,1223
CUST-00212,06/18/2024,Los Angeles;United States,Tablet-iPadOS, Facebook Ads,Added to Cart,NULL,No,2024-06-29 05:31:57,626
CUST-00830,01/10/2024,Manchester;United Kingdom,Desktop-Windows,facebook ads,viewed,n/a,No,2024-10-18T03:17:02,37
CUST-01506,2024-09-28,Los Angeles;United States,Tablet-iPadOS,Affiliate,viewed,N/A,No,07/10/2024 15:52,1445
CUST-00897,24-Dec-2024,LONDON;United Kingdom,Mobile-iOS,google search,VIEWED,,N,2025-01-05 23:00:25,1697
CUST-00061,2024-02-28,manchester;United Kingdom,MOBILE-ANDROID,Direct,VIEWED,,,2024-03-08 03:03:05,769
CUST-00666,08/20/2024,Melbourne;Australia,mobile-ios,referral,VIEWED,,No,2024-08-26T21:48:45,1090
CUST-00858,"Jan 13, 2024",Toronto;Canada,desktop-windows,Facebook Ads,VIEWED,,0,2024-01-23 17:57:02,879
CUST-00030,14-Aug-2024,Sydney;Australia,Tablet-Android,DIRECT, Viewed,NULL,no,30/08/2024 22:18,1607
CUST-01548,"Jul 13, 2024",Dublin;Ireland,Tablet-Android,direct,added to cart,n/a,FALSE,07/18/2024 04:51 AM,1369
CUST-01500,"Jun 29, 2024",toronto;Canada,Desktop-Windows,google search,added to cart,n/a,N,16/07/2024 09:57,662
CUST-01732,29-Nov-2024,Melbourne;Australia,Tablet-iPadOS,FACEBOOK ADS,Added to cart ,,FALSE,2024-11-30 12:17:33,597
 CUST-00979,04-Aug-2024,Chicago;United States,mobile-ios,DIRECT,ADDED TO CART,NULL,N,08/08/2024 09:39,1131
CUST-00303,21-Jul-2024,Leeds;United Kingdom,Tablet-Android,referral,CHECKOUT,,N,2024-08-05T06:44:51,671
CUST-01301,"Apr 15, 2024",new york;United States,Desktop-macOS,Facebook Ads, Checkout ,n/a,,2024-04-15T22:24:45,1558
CUST-00191,03/06/2024,Birmingham;United Kingdom,desktop-windows,Referral,viewed,n/a,No,17/06/2024 15:44,618
CUST-01223,30/08/2024,Chicago;United States,Desktop-macOS, Facebook Ads,CHECKOUT,,,2024-09-10 04:11:28,292
CUST-01358,02/13/2024,New York;United States,Mobile-iOS,DIRECT, Viewed,,FALSE,02/22/2024 09:15 PM,1580
CUST-01778,06/19/2024,london;United Kingdom,desktop-windows,google search, Viewed,,No,07/09/2024 03:33 AM,47
CUST-01611,"Feb 06, 2024",New York;United States,Tablet-Android,Email Campaign, Viewed,,false,15/02/2024 03:54,53
CUST-01129,25/10/2024,Birmingham;United Kingdom,desktop-windows, Facebook Ads,Purchased, $211.97 ,1,2024-10-30 02:06:53,52
CUST-00221,2024-09-18,new york;United States,MOBILE-ANDROID,DIRECT,VIEWED,n/a,0,2024-09-19 03:43:56,1760
CUST-00328,18-Jul-2024,Manchester;United Kingdom,Desktop-Windows,email campaign,VIEWED,NULL,N,28/07/2024 20:49,634
CUST-01679,"Dec 04, 2024",Manchester;United Kingdom,Tablet-Android,Instagram Ads, Viewed,N/A,false,12/17/2024 02:35 PM,-54
CUST-00228,2024-10-12,LONDON;United Kingdom,Desktop-Windows,referral, Viewed,n/a,no,2024-10-30 09:59:31,694
CUST-00803,03/30/2024,Birmingham;United Kingdom,Desktop-macOS,Facebook Ads,Purchased ,USD 324.15,0,04/02/2024 06:08 AM,870
CUST-00963,21/01/2024,Los Angeles;United States,Tablet-Android,Facebook Ads, Viewed,N/A,no,27/01/2024 12:13,1141
 CUST-00562,05/23/2024,London;United Kingdom,Tablet-Android,affiliate ,Added to cart ,n/a,,05/06/2024 14:26,565
CUST-01155,05/29/2024,new york;United States,Mobile-Android,Email Campaign, Viewed,N/A,,11/06/2024 07:03,544
CUST-00739,04/28/2024,Paris;France,Desktop-Windows,email campaign, Viewed,,false,04/05/2024 16:45,335
cust-00544,05/08/2024,Berlin;Germany,Tablet-iPadOS,referral,Viewed,NULL,N,18/08/2024 21:31,1477
CUST-01736,08/22/2024,Sydney;Australia,Desktop-Windows,Facebook Ads,Checkout,N/A,N,2024-09-07T16:40:27,1080
CUST-00857,"May 07, 2024",Birmingham;United Kingdom,desktop-windows,facebook ads, Checkout ,N/A,false,2024-05-16 11:12:26,1531
CUST-00399,26-Jul-2024,new york;United States,mobile-ios,DIRECT,purchased,$27.93,0,2024-08-10 04:38:28,1406
CUST-00151,03/13/2024,Chicago;United States,Tablet-iPadOS,Google  Search,Purchased ,153.73,true,2024-03-15 22:40:56,1401
CUST-00516,"Apr 08, 2024",Melbourne;Australia,Mobile-Android,google search,Purchased,USD 163.84,1,2024-04-22 17:26:33,-35
CUST-00964,27/07/2024,New York;United States,Desktop-macOS, Facebook Ads,Added to cart ,,FALSE,2024-08-13 13:40:45,1204
CUST-00233,30-Jul-2024,Los Angeles;United States,Tablet-Android,email campaign,viewed,N/A,No,08/13/2024 04:56 AM,286
CUST-00842,2024-03-22,Toronto;Canada,MOBILE-ANDROID,Google  Search,VIEWED,,no,2024-03-31 00:32:24,260
CUST-00084,01/12/2024,LONDON;United Kingdom,Desktop-Windows,Affiliate,added to cart,,false,2024-12-15T21:16:14,
CUST-00076,05/10/2024,Manchester;United Kingdom,Mobile-iOS,Referral,viewed,N/A,0,21/05/2024 18:32,1666
CUST-01699,03/07/2024,Melbourne;Australia,Tablet-Android,Direct,purchased,£235.04,N,2024-03-07T22:56:39,1102
CUST-00086,2024-03-25,Sydney;Australia,Desktop-macOS,Instagram Ads,VIEWED,NULL,No,06/04/2024 00:56,975
CUST-00925,"May 04, 2024",new york;United States,desktop-windows,facebook ads,Purchased,USD 340.52,1,05/07/2024 01:50 AM,887
CUST-01424,2024-02-09,Los Angeles;United States,Tablet-iPadOS,facebook ads,Viewed,N/A,No,03/01/2024 07:20 AM,1112
CUST-00706,"Jul 21, 2024",London;United Kingdom,mobile-ios,Google  Search,VIEWED,n/a,N,25/07/2024 04:01,1498
CUST-00754,14/06/2024,New York;United States,mobile-ios,affiliate ,added to cart,NULL,,2024-06-14 20:39:06,1530
CUST-01663,2024-07-24,New York;United States,Desktop-macOS,instagram ads, Viewed,n/a,N,08/01/2024 06:16 PM,453
CUST-00732,01/08/2024,New York;United States,Desktop-Windows,Google  Search,Checkout,N/A,no,2024-01-18T17:21:27,39
CUST-01455,07/31/2024,New York;United States,Tablet-Android,FACEBOOK ADS,added to cart,NULL,N,31/07/2024 17:30,985
CUST-00498,2024-08-24,Dublin;Ireland,MOBILE-ANDROID,DIRECT,added to cart,N/A,,2024-08-24 11:29:03,1533
CUST-01199,10/05/2024,Dublin;Ireland,Desktop-Windows,Email  Campaign,Added to Cart,N/A,,2024-10-19 10:31:20,1683
CUST-00069,14-Jul-2024,Los Angeles;United States,Tablet-iPadOS,referral,Viewed,,,28/07/2024 20:45,862
CUST-01745,06/11/2024,manchester;United Kingdom,Desktop-macOS,Google Search,Purchased,£87.18,Yes,11/25/2024 04:44 PM,973
CUST-01255,2024-02-13,Dublin;Ireland,Desktop-macOS,instagram ads,CHECKOUT,N/A,N,02/17/2024 11:35 AM,155
CUST-01623,25/03/2024,London;United Kingdom,mobile-ios,affiliate , Viewed,NULL,no,2024-04-12 13:28:16,1408
CUST-00869,11/27/2024,New York;United States,desktop-windows,Referral, Viewed,n/a,No,2024-12-03 04:05:36,1680
 cust-00599,2024-10-30,Dublin;Ireland,Mobile-Android,affiliate ,added to cart,NULL,false,11/12/2024 04:34 PM,469
CUST-00154,08/22/2024,Berlin;Germany,Tablet-Android,email campaign, Viewed,,no,2024-08-29T16:08:56,1460
CUST-00998,08/20/2024,Chicago;United States,MOBILE-ANDROID, Facebook Ads,checkout,NULL,0,2024-09-04 15:54:53,1758
CUST-00988,2024-02-03,Los Angeles;United States,Desktop-macOS,DIRECT, Viewed,,false,2024-02-17T22:33:59,496
 CUST-00549,2024-12-29,Leeds;United Kingdom,Desktop-Windows,facebook ads,Purchased,£84.74,false,2025-01-03 23:13:33,1653
CUST-00504,"Oct 26, 2024",Paris;France,MOBILE-ANDROID,referral,Viewed,N/A,N,2024-11-08 19:20:39,1565
CUST-00263,02/02/2024,Toronto;Canada,Mobile-Android,facebook ads, Viewed,n/a,false,2024-02-22 22:34:43,1326
CUST-00287,23-Aug-2024,Leeds;United Kingdom,Tablet-iPadOS,Direct,VIEWED,n/a,No,2024-09-05 13:25:15,265
CUST-00386,2024-11-21,Los Angeles;United States,desktop-windows,google search,added to cart,,N,12/08/2024 12:12 AM,1241
CUST-00110,22/09/2024,Paris;France,mobile-ios,email campaign,VIEWED,N/A,0,10/05/2024 07:38 PM,1058
CUST-01414,"Oct 15, 2024",Dublin;Ireland,Mobile-iOS,direct,viewed,N/A,0,30/10/2024 22:22,937
CUST-01217,"Oct 25, 2024",Birmingham;United Kingdom,Tablet-Android,Email  Campaign, Viewed,n/a,false,11/09/2024 04:29 PM,1076
CUST-00538,14/03/2024,LONDON;United Kingdom,Desktop-Windows,Google  Search,viewed,NULL,,03/18/2024 01:30 AM,68
CUST-00320,07-Oct-2024,Dublin;Ireland,MOBILE-ANDROID,facebook ads,purchased,USD 386.42,no,2024-10-14 11:07:32,380
CUST-01751,17-Feb-2024,Manchester;United Kingdom,Mobile-Android,affiliate ,viewed,n/a,,2024-03-08T23:15:14,307
CUST-01277,2024-08-02,London;United Kingdom,mobile-ios,Email Campaign,ADDED TO CART,n/a,0,2024-08-21 07:22:35,-84
CUST-01794,24/07/2024,LONDON;United Kingdom,Tablet-iPadOS,instagram ads,PURCHASED,410.19,FALSE,2024-08-12 01:28:12,256
 CUST-00244,30-Sep-2024,LONDON;United Kingdom,Mobile-iOS,FACEBOOK ADS,ADDED TO CART,n/a,FALSE,10/01/2024 08:12 PM,824
CUST-01657,"May 05, 2024",Melbourne;Australia,Desktop-macOS,email campaign,purchased,£196.30,no,2024-05-13T11:42:50,1547
CUST-00678,01-Dec-2024,Leeds;United Kingdom,Desktop-macOS,Affiliate,purchased,£141.23,no,09/12/2024 20:47,42
CUST-01767,12-Jun-2024,manchester;United Kingdom,Mobile-Android, Facebook Ads,purchased,421.49,0,2024-06-19T02:50:21,1436
CUST-01375,2024-09-28,Sydney;Australia,Desktop-Windows,Facebook Ads,Viewed,,,2024-10-03 13:20:26,135
CUST-01423,17/01/2024,LONDON;United Kingdom,Tablet-Android,Referral,viewed,n/a,false,02/04/2024 01:00 AM,1057
CUST-00643,03/08/2024,Chicago;United States,Mobile-iOS,Google Search,ADDED TO CART,,No,2024-08-13 21:29:54,1264
CUST-00488,"Dec 01, 2024",Paris;France,mobile-ios,Direct,added to cart,NULL,No,2024-12-12T00:25:58,1636
CUST-00940,2024-04-22,Paris;France,mobile-ios,DIRECT,Added to Cart,n/a,0,04/26/2024 11:09 AM,82
 CUST-00325,2024-05-24,Los Angeles;United States,Desktop-Windows,referral,Added to Cart,n/a,no,2024-06-01 19:15:47,1722
CUST-00401,"Aug 18, 2024",Melbourne;Australia,Tablet-iPadOS,facebook ads,ADDED TO CART,N/A,0,27/08/2024 15:27,1579
CUST-00646,"Mar 11, 2024",Manchester;United Kingdom,Desktop-macOS,Email  Campaign,purchased,$55.02,true,2024-03-27 05:12:29,
CUST-00805,10/07/2024,Los Angeles;United States,MOBILE-ANDROID,Direct,CHECKOUT,NULL,N,11/10/2024 20:51,1365
CUST-01641,08/08/2024,Paris;France,Tablet-Android,Referral,Added to cart ,NULL,no,17/08/2024 05:53,122
CUST-01400,12-Apr-2024,Toronto;Canada,desktop-windows,Email Campaign,ADDED TO CART,NULL,N,04/28/2024 10:17 AM,1291
CUST-00284,12/21/2024,Dublin;Ireland,Desktop-Windows,direct,Purchased,USD 292.05,false,2025-01-03T15:53:53,
 CUST-01567,"Jan 04, 2024",Paris;France,MOBILE-ANDROID,Affiliate,added to cart,n/a,false,2024-01-11 13:46:01,833
CUST-00179,2024-08-02,manchester;United Kingdom,Desktop-Windows,FACEBOOK ADS, Checkout ,n/a,0,2024-08-23 11:54:51,1320
CUST-00460,2024-05-11,Manchester;United Kingdom,Tablet-Android,google search,checkout,n/a,0,25/05/2024 14:18,386
CUST-00384,"Apr 16, 2024",Paris;France,Desktop-macOS,FACEBOOK ADS, Viewed,,N,04/25/2024 04:02 AM,1469
CUST-01492,2024-03-14,Los Angeles;United States,Desktop-macOS,Google  Search, Checkout ,NULL,,2024-03-25 17:15:40,918
CUST-00811,2024-06-25,Toronto;Canada,Mobile-Android,google search,purchased,£63.27,no,2024-07-01 17:22:15,1028
CUST-01569,2024-02-19,New York;United States,Tablet-Android,Google Search,CHECKOUT,,No,02/24/2024 06:37 AM,650
CUST-01397,07-Oct-2024,LONDON;United Kingdom,Mobile-Android,email campaign,VIEWED,N/A,no,2024-10-08 05:19:31,937
CUST-00683,"Feb 12, 2024",Berlin;Germany,Tablet-Android,affiliate ,Viewed,NULL,no,02/20/2024 11:08 PM,89
CUST-01136,19/11/2024,Toronto;Canada,mobile-ios,Email  Campaign,VIEWED,N/A,No,22/11/2024 20:38,1683
CUST-00267,14-Dec-2024,London;United Kingdom,Tablet-iPadOS, Facebook Ads,checkout,N/A,,2024-12-21T09:46:27,34
CUST-00697,27-Oct-2024,London;United Kingdom,desktop-windows,direct,Viewed,,No,14/11/2024 03:20,923
CUST-01238,26/11/2024,Sydney;Australia,Mobile-Android, Facebook Ads,Added to Cart,N/A,no,2024-12-04T10:47:27,117
CUST-01204,24/07/2024,Los Angeles;United States,Mobile-iOS,Direct,Added to Cart,n/a,no,2024-08-06T13:37:30,886
CUST-01192,2024-10-24,Dublin;Ireland,Tablet-Android, Facebook Ads,VIEWED,N/A,,25/10/2024 20:04,854
CUST-00838,24-May-2024,Toronto;Canada,Tablet-Android,Direct,CHECKOUT,N/A,no,06/12/2024 12:40 PM,939
CUST-00388,07/03/2024,london;United Kingdom,Desktop-Windows,Email Campaign,added to cart,N/A,,05/07/2024 15:16,1708
CUST-00484,30-Aug-2024,toronto;Canada,Mobile-iOS,Google  Search, Checkout ,N/A,no,2024-09-08T10:46:11,781
CUST-00028,2024-04-11,london;United Kingdom,MOBILE-ANDROID,Referral,Viewed,NULL,0,30/04/2024 02:21,833
CUST-00579,09/13/2024,toronto;Canada,Desktop-macOS,Google Search,Viewed,n/a,0,2024-10-02 10:05:43,63
CUST-00659,11/07/2024,Paris;France,Tablet-Android,affiliate ,viewed,NULL,,2024-11-19 17:41:59,1576
 CUST-01027,26/05/2024,london;United Kingdom,Mobile-Android,Facebook Ads, Viewed,NULL,FALSE,2024-06-14T13:10:44,646
CUST-01458,12-Mar-2024,Los Angeles;United States,Mobile-iOS,Google  Search,Added to Cart,,No,2024-03-26T13:18:07,613
cust-01466,2024-09-23,Los Angeles;United States,Mobile-Android, Facebook Ads,ADDED TO CART,n/a,No,2024-10-13T05:13:49,1259
CUST-00405,2024-02-20,Leeds;United Kingdom,Desktop-macOS,Referral,ADDED TO CART,N/A,FALSE,02/27/2024 02:46 AM,1316
CUST-00391,24/09/2024,Los Angeles;United States,Mobile-iOS, Facebook Ads,added to cart,N/A,no,27/09/2024 04:27,1429
CUST-00305,05/27/2024,Manchester;United Kingdom,Desktop-Windows,DIRECT,checkout,N/A,FALSE,06/07/2024 03:30 AM,304
CUST-00321,04-Dec-2024,Dublin;Ireland,mobile-ios,DIRECT,VIEWED,,N,12/21/2024 06:39 AM,1694
CUST-01196,02-Jan-2024,Melbourne;Australia,Desktop-Windows,Referral,CHECKOUT,NULL,no,04/01/2024 10:08,1749
CUST-01717,21/12/2024,Toronto;Canada,Desktop-Windows,Google Search,viewed,NULL,,02/01/2025 23:02,1485
CUST-01734,17-Sep-2024,Toronto;Canada,Mobile-Android,referral,VIEWED,NULL,FALSE,09/18/2024 04:13 PM,796
CUST-01095,2024-10-16,london;United Kingdom,Tablet-Android,email campaign,VIEWED,,N,10/26/2024 06:39 PM,1243
CUST-01041,04/06/2024,Birmingham;United Kingdom,Mobile-Android,DIRECT,VIEWED,N/A,FALSE,06/14/2024 04:28 AM,
CUST-01008,06/13/2024,Dublin;Ireland,Desktop-Windows,Referral,Checkout,n/a,No,2024-06-26 13:28:43,1386
CUST-00006,10/14/2024,Sydney;Australia,desktop-windows,Email  Campaign,Added to cart ,,,2024-10-15 19:37:24,1408
 cust-01283,"Mar 01, 2024",Sydney;Australia,Desktop-Windows,Google Search,Added to cart ,,no,11/03/2024 11:03,1581
CUST-01315,03-Sep-2024,Birmingham;United Kingdom,Desktop-macOS,Email Campaign,VIEWED,n/a,N,2024-09-19T22:33:47,390
CUST-00053,"Nov 29, 2024",london;United Kingdom,mobile-ios,referral,VIEWED,,,2024-12-17T05:32:16,46
CUST-01347,26/12/2024,toronto;Canada,Tablet-iPadOS,Facebook Ads,added to cart,NULL,no,12/28/2024 10:08 PM,1445
CUST-00648,04/15/2024,New York;United States,Tablet-iPadOS,Email Campaign,VIEWED,N/A,FALSE,05/04/2024 07:01 PM,228
CUST-00396,2024-06-16,toronto;Canada,Desktop-Windows,DIRECT,VIEWED,NULL,No,2024-06-28T12:58:31,401
cust-01768,05/31/2024,Toronto;Canada,Tablet-iPadOS,Facebook Ads,viewed,N/A,no,15/06/2024 00:52,217
CUST-01406,09/11/2024,London;United Kingdom,Desktop-Windows,FACEBOOK ADS,Added to Cart,NULL,false,2024-11-11T04:28:00,1696
CUST-00193,02/15/2024,Melbourne;Australia,Mobile-iOS,instagram ads,ADDED TO CART,n/a,,2024-02-18 06:16:08,874
CUST-00795,24/07/2024,manchester;United Kingdom,MOBILE-ANDROID,instagram ads, Viewed,n/a,No,08/13/2024 02:37 AM,
CUST-00954,11-Apr-2024,LONDON;United Kingdom,MOBILE-ANDROID,Referral,purchased, $32.06 ,false,2024-04-12 23:46:40,1049
CUST-00955,"Jul 18, 2024",Paris;France,desktop-windows,Affiliate,Viewed,,No,2024-07-22 13:28:12,
CUST-01407,03/10/2024,manchester;United Kingdom,Tablet-Android,instagram ads,Checkout,n/a,no,2024-03-29 21:55:48,1592
CUST-01652,23/11/2024,new york;United States,mobile-ios,Google Search,added to cart,n/a,,07/12/2024 08:39,114
CUST-00201,24-Dec-2024,Paris;France,desktop-windows, Facebook Ads,Checkout,,FALSE,2025-01-10 13:41:05,719
CUST-01373,27/07/2024,Chicago;United States,desktop-windows,Facebook Ads,added to cart,NULL,N,08/12/2024 12:32 AM,-48
CUST-01775,04/02/2024,Birmingham;United Kingdom,Desktop-macOS,Google Search,viewed,NULL,,2024-02-14 12:48:36,507
CUST-00907,"Aug 18, 2024",London;United Kingdom,desktop-windows,facebook ads,VIEWED,NULL,N,08/29/2024 12:42 AM,1032
cust-00117,"Oct 08, 2024",Berlin;Germany,Tablet-iPadOS,Google  Search,VIEWED,n/a,no,2024-10-21 23:45:01,1190
CUST-00432,24/04/2024,Berlin;Germany,Tablet-Android,referral,Added to Cart,NULL,no,28/04/2024 03:34,524
CUST-01421,04-Dec-2024,Melbourne;Australia,Mobile-iOS,Instagram Ads,Viewed,NULL,0,2024-12-11T10:03:38,1077
CUST-01723,09/09/2024,london;United Kingdom,desktop-windows,DIRECT,VIEWED,N/A,FALSE,09/14/2024 01:47 AM,834
CUST-01002,12/30/2024,Birmingham;United Kingdom,Tablet-Android,Google Search,Added to Cart,,,2025-01-14T16:20:32,
CUST-00080,16-Oct-2024,Chicago;United States,Desktop-macOS,Google Search,ADDED TO CART,n/a,FALSE,10/18/2024 03:24 AM,940
CUST-01387,"Jul 21, 2024",Birmingham;United Kingdom,Desktop-Windows,google search,added to cart,N/A,false,08/02/2024 01:45 AM,503
CUST-00628,24/08/2024,toronto;Canada,desktop-windows, Facebook Ads,PURCHASED, $218.74 ,0,2024-09-03 15:52:23,
 CUST-00447,02/05/2024,Chicago;United States,desktop-windows,google search,purchased,$407.59,false,02/22/2024 04:05 AM,1450
CUST-01253,24-Oct-2024,Melbourne;Australia,Mobile-iOS,Direct,ADDED TO CART,n/a,FALSE,2024-11-11 18:22:01,1136
CUST-00634,"Jul 16, 2024",Sydney;Australia,desktop-windows,Google Search,Added to cart ,,FALSE,2024-07-22 14:54:28,1284
CUST-01078,"Jan 07, 2024",Toronto;Canada,Desktop-Windows,FACEBOOK ADS,viewed,n/a,N,2024-01-25T04:34:03,1272
CUST-00977,12-Jan-2024,Dublin;Ireland,Desktop-Windows,FACEBOOK ADS,viewed,N/A,0,2024-01-17 12:27:52,658
CUST-00775,04/26/2024,Manchester;United Kingdom,Mobile-Android,Direct,added to cart,NULL,No,2024-05-02T02:31:28,755
CUST-00148,06/04/2024,manchester;United Kingdom,desktop-windows,Direct,Added to cart ,NULL,FALSE,2024-06-15T03:48:42,751
CUST-01131,02/12/2024,Sydney;Australia,Tablet-Android,DIRECT,Added to cart ,,N,13/12/2024 00:10,1342
CUST-01634,04-Apr-2024,Manchester;United Kingdom,mobile-ios,direct,VIEWED,n/a,No,2024-04-06T01:45:33,1280
CUST-01364,29/06/2024,new york;United States,Mobile-iOS,FACEBOOK ADS,VIEWED,,no,2024-07-06 22:57:49,672
CUST-00854,02/14/2024,Dublin;Ireland,Mobile-Android,FACEBOOK ADS,Added to Cart,NULL,0,03/01/2024 04:17 PM,85
CUST-00676,"Dec 11, 2024",toronto;Canada,Tablet-iPadOS,direct,ADDED TO CART,NULL,false,12/16/2024 03:33 AM,931
CUST-01018,2024-10-27,LONDON;United Kingdom,Desktop-Windows,Google  Search,added to cart,,FALSE,14/11/2024 01:40,977
CUST-01377,22-Jan-2024,Dublin;Ireland,desktop-windows,facebook ads,ADDED TO CART,NULL,no,02/05/2024 03:48 AM,1305
CUST-00457,28/07/2024,toronto;Canada,Desktop-macOS,Affiliate,Added to cart ,n/a,false,30/07/2024 11:05,1645
CUST-01549,07/10/2024,Sydney;Australia,Tablet-iPadOS,Google  Search,PURCHASED,$119.55,0,10/17/2024 05:37 PM,
CUST-01040,"Sep 15, 2024",manchester;United Kingdom,Mobile-Android,FACEBOOK ADS,Viewed,n/a,false,2024-09-26 17:17:19,1134
CUST-00923,16/12/2024,Leeds;United Kingdom,Desktop-Windows, Facebook Ads,viewed,,,2024-12-31 10:22:16,930
CUST-00644,2024-01-19,Sydney;Australia,Mobile-Android,Affiliate,Checkout,,0,30/01/2024 07:35,636
CUST-01752,28-Jul-2024,Leeds;United Kingdom,Desktop-Windows,FACEBOOK ADS,viewed,n/a,N,2024-08-03 19:23:46,227
CUST-01037,"Feb 22, 2024",Manchester;United Kingdom,mobile-ios,Google  Search,Added to cart ,NULL,FALSE,28/02/2024 06:57,675
CUST-00746,2024-01-25,Paris;France,Desktop-macOS,Facebook Ads,Viewed,n/a,,2024-02-06T06:14:18,152
CUST-00879,2024-09-28,toronto;Canada,Desktop-macOS,facebook ads,Viewed,N/A,N,2024-10-11 10:07:32,537
CUST-01173,2024-11-10,Melbourne;Australia,Mobile-iOS,Referral,checkout,N/A,no,11/12/2024 06:49 AM,666
CUST-01604,2024-07-26,new york;United States,Tablet-iPadOS, Facebook Ads,viewed,,N,08/11/2024 05:56 PM,947
CUST-01442,2024-04-15,Chicago;United States,Mobile-Android,FACEBOOK ADS,purchased,$289.62,FALSE,2024-04-17T12:12:02,845
CUST-01242,2024-05-23,Berlin;Germany,Mobile-Android,affiliate ,Added to Cart,NULL,,2024-05-23T17:50:13,125
CUST-01664,01-May-2024,Toronto;Canada,Desktop-macOS,Email  Campaign,VIEWED,NULL,false,05/13/2024 11:15 PM,1042
 CUST-00947,12/05/2024,Dublin;Ireland,Tablet-iPadOS,Referral,viewed,N/A,0,28/05/2024 06:26,563
CUST-00111,2024-06-02,Toronto;Canada,Desktop-macOS, Facebook Ads,VIEWED,,FALSE,06/12/2024 07:17 PM,1604
CUST-01518,2024-06-20,LONDON;United Kingdom,Desktop-macOS,Affiliate, Viewed,NULL,FALSE,01/07/2024 04:22,-100
 CUST-01163,"Aug 18, 2024",Paris;France,desktop-windows,Affiliate,Viewed,n/a,false,02/09/2024 23:05,1557
CUST-01766,03-May-2024,Leeds;United Kingdom,Mobile-Android,Referral, Viewed,NULL,N,2024-05-12 13:57:25,222
CUST-01456,2024-12-19,Manchester;United Kingdom,Desktop-Windows,Affiliate, Viewed,,FALSE,07/01/2025 08:02,440
CUST-01305,25-May-2024,Leeds;United Kingdom,MOBILE-ANDROID,Google  Search,VIEWED,N/A,0,13/06/2024 21:34,1677
CUST-01284,"Oct 06, 2024",Berlin;Germany,Desktop-macOS, Facebook Ads,Added to cart ,,no,10/13/2024 07:46 PM,1324
CUST-00675,26/06/2024,Berlin;Germany,Tablet-iPadOS,direct,Viewed,n/a,no,07/07/2024 09:29,139
CUST-01057,"Jun 08, 2024",Toronto;Canada,Tablet-iPadOS,DIRECT,Added to cart ,n/a,,15/06/2024 06:27,1261
 CUST-01252,2024-10-19,Manchester;United Kingdom,Desktop-Windows, Facebook Ads,Checkout,NULL,FALSE,04/11/2024 21:41,1027
CUST-00429,19-Aug-2024,manchester;United Kingdom,MOBILE-ANDROID,facebook ads,VIEWED,n/a,,2024-08-20 15:49:47,204
CUST-01056,24/10/2024,london;United Kingdom,Desktop-Windows,Direct,VIEWED,NULL,0,2024-11-03T23:06:36,551
CUST-01336,"Feb 01, 2024",Birmingham;United Kingdom,Mobile-iOS,Referral,added to cart,,false,13/02/2024 04:32,872
CUST-01188,2024-04-30,Toronto;Canada,Tablet-Android,google search,viewed,,N,2024-05-10T10:01:07,1699
CUST-00699,04/21/2024,Melbourne;Australia,Mobile-Android,Instagram Ads,added to cart,N/A,no,2024-04-23T02:13:36,302
CUST-00511,"Oct 28, 2024",london;United Kingdom,Mobile-Android,Direct,viewed,N/A,,11/06/2024 09:35 AM,728
CUST-00531,"Jun 22, 2024",manchester;United Kingdom,desktop-windows,Instagram Ads,purchased, $298.97 ,false,2024-07-06 22:36:17,1346
CUST-01503,2024-02-26,Sydney;Australia,mobile-ios,DIRECT, Viewed,N/A,FALSE,17/03/2024 08:12,1272
CUST-01640,12/20/2024,london;United Kingdom,Mobile-iOS,instagram ads,VIEWED,NULL,0,01/10/2025 11:05 AM,811
CUST-00064,11/11/2024,london;United Kingdom,Desktop-macOS,Google  Search,ADDED TO CART,,false,11/19/2024 10:51 AM,265
CUST-00801,2024-06-13,manchester;United Kingdom,Mobile-Android,Instagram Ads,Purchased ,$349.38,false,2024-06-14 07:29:05,-61
CUST-01412,25-Nov-2024,toronto;Canada,Desktop-Windows,google search,ADDED TO CART,N/A,N,2024-12-13T15:07:43,
CUST-00224,23-Feb-2024,Berlin;Germany,Tablet-iPadOS,google search,VIEWED,,,09/03/2024 05:08,857
CUST-01164,"Nov 30, 2024",Melbourne;Australia,Desktop-Windows,FACEBOOK ADS,purchased,$381.04,TRUE,12/17/2024 01:15 AM,1684
CUST-00727,2024-11-27,Melbourne;Australia,Tablet-iPadOS,facebook ads,Checkout,n/a,0,2024-12-13T01:26:54,313
CUST-01701,08/15/2024,manchester;United Kingdom,Desktop-macOS,email campaign, Viewed,NULL,FALSE,2024-08-26T21:56:05,
CUST-00958,26-May-2024,Los Angeles;United States,MOBILE-ANDROID,Instagram Ads,Added to Cart,N/A,,03/06/2024 19:57,456
CUST-01575,05-Aug-2024,Toronto;Canada,desktop-windows, Facebook Ads, Checkout ,N/A,N,08/13/2024 06:45 AM,415
CUST-00610,"Jun 01, 2024",Manchester;United Kingdom,Desktop-macOS, Facebook Ads,Purchased, $447.19 ,Y,06/05/2024 05:33 PM,25
CUST-00476,"Jun 30, 2024",Melbourne;Australia,mobile-ios,Instagram Ads,Purchased ,238.21,TRUE,17/07/2024 04:19,717
CUST-01340,"Dec 21, 2024",Dublin;Ireland,Mobile-Android,direct,Added to Cart,NULL,false,12/29/2024 02:44 AM,718
CUST-00584,"Dec 14, 2024",Toronto;Canada,Tablet-Android,email campaign,Added to cart ,n/a,false,2024-12-15 01:41:46,1696
CUST-00704,"Oct 30, 2024",toronto;Canada,Tablet-iPadOS,Instagram Ads,Purchased ,£145.58,FALSE,2024-11-02T03:58:12,1197
CUST-01580,2024-05-23,new york;United States,Mobile-iOS,Direct,viewed,,N,2024-06-03T16:20:42,590
CUST-01312,13/09/2024,new york;United States,Desktop-macOS,Affiliate,viewed,,no,2024-09-30T06:51:07,1313
CUST-00790,07/25/2024,london;United Kingdom,Tablet-iPadOS,affiliate ,ADDED TO CART,NULL,,05/08/2024 16:30,1578
CUST-00278,30/07/2024,London;United Kingdom,mobile-ios,Instagram Ads,Viewed,N/A,No,2024-08-07 17:05:30,984
CUST-00873,2024-05-01,Dublin;Ireland,Desktop-macOS,Instagram Ads,Added to cart ,N/A,FALSE,2024-05-14 08:31:24,1531
CUST-01524,"Jul 25, 2024",Los Angeles;United States,Mobile-iOS,Direct,PURCHASED,USD 21.99,No,07/29/2024 02:34 AM,792
CUST-00349,"Sep 29, 2024",toronto;Canada,Tablet-iPadOS,instagram ads,Added to Cart,n/a,,2024-10-08T21:30:26,1413
CUST-01697,"Oct 10, 2024",Birmingham;United Kingdom,mobile-ios,facebook ads,added to cart,n/a,No,14/10/2024 08:44,510
CUST-01191,09/17/2024,Birmingham;United Kingdom,Tablet-iPadOS,FACEBOOK ADS,Checkout,NULL,0,2024-09-27T20:08:54,1562
CUST-00826,2024-08-07,manchester;United Kingdom,Tablet-Android,Email Campaign,checkout,n/a,FALSE,2024-08-28T14:16:07,869
CUST-00926,28-Sep-2024,Melbourne;Australia,Desktop-macOS,Email Campaign, Viewed,N/A,false,10/16/2024 12:22 PM,567
CUST-00089,"Jul 10, 2024",LONDON;United Kingdom,Desktop-macOS,Instagram Ads,ADDED TO CART,N/A,No,07/11/2024 03:35 AM,1717
CUST-01741,2024-03-23,Toronto;Canada,Desktop-Windows,Affiliate,checkout,n/a,false,24/03/2024 20:08,609
CUST-00226,2024-10-12,London;United Kingdom,mobile-ios,referral, Viewed,N/A,N,2024-10-28T22:18:55,584
CUST-00568,01-Jul-2024,Chicago;United States,Mobile-Android,Email  Campaign,Viewed,,FALSE,04/07/2024 07:46,386
CUST-00635,"Jun 30, 2024",Melbourne;Australia,Desktop-Windows,Facebook Ads,VIEWED,N/A,no,2024-07-19T11:04:18,325
CUST-01639,2024-09-19,manchester;United Kingdom,Tablet-Android,Direct,Purchased,£90.47,1,10/06/2024 03:23 PM,554
CUST-01781,11/25/2024,Melbourne;Australia,Desktop-Windows,FACEBOOK ADS,added to cart,NULL,0,25/11/2024 11:19,742
CUST-00518,"May 02, 2024",toronto;Canada,Mobile-iOS,Email  Campaign,Viewed,,0,2024-05-21T02:09:04,299
CUST-01351,2024-11-13,toronto;Canada,desktop-windows,Direct,Added to cart ,N/A,No,12/02/2024 04:41 AM,1245
cust-01316,24/02/2024,Toronto;Canada,desktop-windows,google search,VIEWED,NULL,No,2024-03-07T13:24:58,384
CUST-01401,17-Jul-2024,New York;United States,Mobile-iOS,DIRECT,Purchased,£264.66,0,25/07/2024 20:01,-54
CUST-00948,13-Mar-2024,Los Angeles;United States,mobile-ios,referral,VIEWED,NULL,no,2024-03-16 23:33:59,1483
CUST-00641,"Aug 12, 2024",LONDON;United Kingdom,Mobile-Android,Google Search,VIEWED,,N,23/08/2024 06:33,61
CUST-00567,2024-01-01,New York;United States,desktop-windows,Direct,added to cart,NULL,false,2024-01-20 04:10:01,474
CUST-01602,04/07/2024,Los Angeles;United States,MOBILE-ANDROID,Affiliate,added to cart,n/a,no,2024-07-04T20:29:04,1720
CUST-00609,2024-09-30,Chicago;United States,Mobile-iOS,FACEBOOK ADS,Added to cart ,n/a,no,10/07/2024 01:12 PM,656
CUST-01688,2024-09-13,Los Angeles;United States,Mobile-Android,Google Search,Added to cart ,,no,2024-09-15T15:27:11,1573
CUST-01339,02/10/2024,London;United Kingdom,Desktop-macOS,instagram ads,viewed,n/a,No,10/14/2024 02:59 PM,126
CUST-01491,12-Jan-2024,Chicago;United States,desktop-windows, Facebook Ads,PURCHASED,$319.51,no,01/19/2024 07:41 PM,-58
